ID,label,type
1734,Levonorgestrel,1
1180,Etonogestrel,1
1175,Ethinyl estradiol / norethindrone,1
2132,Nexplanon,1
1176,Ethinyl estradiol / norgestimate,1
1173,Ethinyl estradiol / levonorgestrel,1
2396,Phentermine,1
2780,Sertraline,1
1141,Escitalopram,1
2005,Mirena,1
1546,Implanon,1
1336,Gabapentin,1
514,Bupropion,1
3204,Venlafaxine,1
1974,Miconazole,1
680,Citalopram,1
1893,Medroxyprogesterone,1
1742,Lexapro,1
515,Bupropion / naltrexone,1
1033,Duloxetine,1
1965,Metronidazole,1
774,Contrave,1
822,Cymbalta,1
1021,Drospirenone / ethinyl estradiol,1
884,Depo-Provera,1
2810,Skyla,1
721,Clonazepam,1
2580,Quetiapine,1
3047,Tramadol,1
3368,Zoloft,1
3190,Varenicline,1
1300,Fluoxetine,1
1773,Liraglutide,1
3015,Tioconazole,1
193,Amitriptyline,1
160,Alprazolam,1
1782,Lo Loestrin Fe,1
2336,Paroxetine,1
1171,Ethinyl estradiol / etonogestrel,1
625,Chantix,1
1009,Doxycycline,1
1861,Magnesium sulfate / potassium sulfate / sodium sulfate,1
2204,NuvaRing,1
2477,Pregabalin,1
777,Copper,1
2427,Plan B,1
3036,Topiramate,1
2903,Suprep Bowel Prep Kit,1
1692,Lamotrigine,1
3059,Trazodone,1
901,Desvenlafaxine,1
1807,Lorcaserin,1
392,Belviq,1
2503,Pristiq,1
353,Azithromycin,1
2006,Mirtazapine,1
1610,Isotretinoin,1
2889,Sulfamethoxazole / trimethoprim,1
896,Desogestrel / ethinyl estradiol,1
3269,Vortioxetine,1
2156,Nitrofurantoin,1
257,Aripiprazole,1
449,Bisacodyl,1
2850,Sprintec,1
610,Celexa,1
42,Acetaminophen / hydrocodone,1
940,Diclofenac,1
3369,Zolpidem,1
2553,Prozac,1
516,Buspirone,1
2540,Propranolol,1
2296,Oxycodone,1
1774,Lisdexamfetamine,1
2340,Paxil,1
3290,Xanax,1
1955,Methylphenidate,1
1498,Hydroxyzine,1
5,Abilify,1
1840,Lyrica,1
3275,Vyvanse,1
1788,Loestrin 24 Fe,1
1661,Klonopin,1
2172,Norethindrone,1
1805,Lorazepam,1
2428,Plan B One-Step,1
512,Buprenorphine / naloxone,1
3236,Vilazodone,1
212,Amphetamine / dextroamphetamine,1
1060,Effexor XR,1
77,Adapalene / benzoyl peroxide,1
1118,Epiduo,1
3093,Trintellix,1
1029,Dulcolax,1
706,Clindamycin,1
1979,Microgestin Fe 1 / 20,1
1174,Ethinyl estradiol / norelgestromin,1
2327,ParaGard,1
3235,Viibryd,1
3077,Tri-Sprintec,1
2397,Phentermine / topiramate,1
677,Ciprofloxacin,1
43,Acetaminophen / oxycodone,1
2875,Suboxone,1
1834,Lurasidone,1
2747,Saxenda,1
3229,Victoza,1
3031,Topamax,1
1685,Lamictal,1
1760,Linaclotide,1
3317,Yaz,1
19,Accutane,1
2777,Seroquel,1
1708,Latuda,1
1766,Linzess,1
1937,Methadone,1
1732,Levofloxacin,1
84,Adipex-P,1
170,Aluminum chloride hexahydrate,1
934,Diazepam,1
209,Amoxicillin / clavulanate,1
722,Clonidine,1
2573,Qsymia,1
2926,Tadalafil,1
2087,Naproxen,1
1461,Humira,1
75,Adalimumab,1
692,Clarithromycin,1
1775,Lisinopril,1
2475,Prednisone,1
179,Ambien,1
1738,Levothyroxine,1
511,Buprenorphine,1
3280,Wellbutrin,1
665,Cialis,1
2221,Olanzapine,1
2988,Testosterone,1
1931,Metformin,1
2897,Sumatriptan,1
816,Cyclobenzaprine,1
3079,TriNessa,1
1059,Effexor,1
415,Benzoyl peroxide / clindamycin,1
498,BuSpar,1
1491,Hydromorphone,1
1998,Minocycline,1
3067,Tretinoin,1
1902,Meloxicam,1
330,Aviane,1
2186,Nortriptyline,1
1851,Macrobid,1
2677,Risperidone,1
2848,Spironolactone,1
3168,Valacyclovir,1
1156,Estradiol,1
981,Divalproex sodium,1
1028,Dulaglutide,1
1237,Fentanyl,1
3109,Trulicity,1
2943,Tapentadol,1
297,Ativan,1
2263,Ortho Evra,1
243,Apri,1
2027,Morphine,1
1633,Junel Fe 1 / 20,1
2744,Savella,1
370,Bactrim,1
1960,Metoprolol,1
1754,Liletta,1
2444,Polyethylene glycol 3350 with electrolytes,1
2012,Modafinil,1
1992,Milnacipran,1
298,Atomoxetine,1
2753,Seasonique,1
1835,Lutera,1
413,Benzonatate,1
3282,Wellbutrin XL,1
2906,Suvorexant,1
2240,Ondansetron,1
1289,Fluconazole,1
1724,Levaquin,1
2868,Strattera,1
2266,Ortho Tri-Cyclen Lo,1
1436,Harvoni,1
767,Concerta,1
260,Armodafinil,1
1712,Ledipasvir / sofosbuvir,1
2538,Propofol,1
956,Dilaudid,1
1201,Exenatide,1
79,Adderall,1
272,Asenapine,1
2936,Tamiflu,1
391,Belsomra,1
2274,Oseltamivir,1
2293,OxyContin,1
2964,Temazepam,1
2080,Naltrexone,1
196,Amlodipine,1
1923,Mesalamine,1
2938,Tamsulosin,1
2740,Saphris,1
3357,Ziprasidone,1
76,Adapalene,1
1374,Gildess Fe 1 / 20,1
2025,Montelukast,1
1776,Lithium,1
2978,Terbinafine,1
1726,Levetiracetam,1
1813,Losartan,1
2239,OnabotulinumtoxinA,1
313,Augmentin,1
1006,Doxepin,1
2206,Nuvigil,1
1856,Magnesium citrate,1
675,Cipro,1
3396,Zyprexa,1
3316,Yasmin,1
2199,Nucynta,1
1369,Geodon,1
1165,Eszopiclone,1
570,Carbamazepine,1
1656,Ketorolac,1
2784,Sildenafil,1
470,Botox,1
3311,Xulane,1
986,Docosanol,1
11,Abreva,1
3002,Thyroid desiccated,1
1994,Minastrin 24 Fe,1
2169,Norco,1
3173,Valium,1
614,Cephalexin,1
3176,Valtrex,1
2258,Orlistat,1
1721,Leuprolide,1
369,Baclofen,1
1509,Hypercare,1
2295,Oxybutynin,1
879,Depakote,1
1166,Etanercept,1
2685,Rizatriptan,1
1668,Kyleena,1
1535,Imiquimod,1
1023,Drysol,1
2261,Orsythia,1
1956,Methylprednisolone,1
2376,Percocet,1
555,Canagliflozin,1
241,Apremilast,1
3019,Tizanidine,1
1096,Enbrel,1
2033,MoviPrep,1
1594,Invokana,1
1022,Drospirenone / ethinyl estradiol / levomefolate calcium,1
1418,Guaifenesin / pseudoephedrine,1
1958,Metoclopramide,1
2279,Otezla,1
3137,Ultram,1
1177,Ethinyl estradiol / norgestrel,1
1265,Flagyl,1
597,Cefdinir,1
2265,Ortho Tri-Cyclen,1
584,Carisoprodol,1
192,Amitiza,1
524,Bydureon,1
2123,Neurontin,1
2300,Oxymorphone,1
847,Dapsone,1
371,Bactrim DS,1
1825,Lubiprostone,1
2699,Ropinirole,1
3076,Tri-Previfem,1
74,Aczone,1
2022,Mononessa,1
1830,Lunesta,1
2288,Oxcarbazepine,1
2533,Promethazine,1
26,Acetaminophen / butalbital / caffeine,1
1419,Guanfacine,1
2035,Moxifloxacin,1
1945,Methocarbamol,1
2778,Seroquel XR,1
1370,Gianvi,1
1730,Levocetirizine,1
2631,Remeron,1
922,Dextromethorphan,1
1946,Methotrexate,1
3362,Zofran,1
1024,Duac,1
2819,Sodium hyaluronate,1
967,Diphenhydramine,1
1309,Fluvoxamine,1
3038,Toradol,1
2831,Soma,1
1649,Keppra,1
1278,Flomax,1
2107,Nebivolol,1
1066,Elavil,1
2037,Mucinex D,1
1536,Imitrex,1
2674,Risperdal,1
1276,Flexeril,1
1495,Hydroxychloroquine,1
207,Amoxicillin,1
1415,Guaifenesin,1
261,Armour Thyroid,1
2443,Polyethylene glycol 3350,1
2616,Reclipsen,1
3266,Voltaren Gel,1
3315,Xyzal,1
295,Atenolol,1
80,Adderall XR,1
627,Chateal,1
943,Dicyclomine,1
3248,Vistaril,1
2551,Provigil,1
14,Acamprosate,1
3216,Viagra,1
1558,Infliximab,1
1888,Meclizine,1
1306,Fluticasone,1
3081,Triamcinolone,1
523,Butrans,1
917,Dexlansoprazole,1
1735,Levora,1
609,Celecoxib,1
621,Cetirizine,1
126,Alesse,1
1364,Generess Fe,1
2633,Remicade,1
526,Bystolic,1
2312,Paliperidone,1
35,Acetaminophen / codeine,1
2032,Movantik,1
1557,Indomethacin,1
328,Avelox,1
1900,Melatonin,1
1733,Levomilnacipran,1
918,Dexmethylphenidate,1
2076,Naloxegol,1
1858,Magnesium hydroxide,1
2624,Reglan,1
1183,Euflexxa,1
2017,Monistat 3-Day Combination Pack,1
1482,Hydrocodone,1
1810,Lortab,1
2001,Mirabegron,1
921,Dextroamphetamine,1
1748,Lidocaine,1
947,Differin,1
2459,Pramipexole,1
608,Celebrex,1
2630,Relpax,1
1499,Hylan g-f 20,1
72,Acyclovir,1
476,Brexpiprazole,1
2916,Synthroid,1
2326,Pantoprazole,1
2803,Singulair,1
1079,Eluxadoline,1
3225,Vicodin,1
1147,Esomeprazole,1
551,Campral,1
2213,Ocella,1
2233,Omeprazole,1
3189,Vardenafil,1
807,Cryselle,1
3217,Viberzi,1
823,Cyproheptadine,1
639,Chlordiazepoxide,1
1259,Fioricet,1
2389,Phendimetrazine,1
457,Blisovi 24 Fe,1
3265,Voltaren,1
1617,Ivermectin,1
23,Acetaminophen / aspirin / caffeine,1
114,Albuterol,1
1249,Fetzima,1
1832,Lupron Depot,1
2853,Sronyx,1
299,Atorvastatin,1
436,Beyaz,1
1070,Eletriptan,1
946,Diethylpropion,1
1465,Hyaluronan,1
2140,Nicotine,1
2000,MiraLax,1
3209,Verapamil,1
1520,Ibuprofen,1
1589,Intuniv,1
2484,Prepopik,1
2683,Rivaroxaban,1
684,Citric acid / magnesium oxide / sodium picosulfate,1
2655,Rexulti,1
2908,Symbicort,1
2231,Omalizumab,1
2749,Scopolamine,1
3051,Tranexamic acid,1
870,Delsym,1
916,Dexilant,1
1149,Estarylla,1
222,Anastrozole,1
2011,Mobic,1
647,Chlorpheniramine / hydrocodone,1
312,Aubra,1
1746,Librium,1
3360,Zithromax,1
2129,Nexium,1
2958,Tegretol,1
2270,Orthovisc,1
3163,Ustekinumab,1
2065,Myrbetriq,1
1380,Glatiramer,1
3292,Xarelto,1
2828,Solifenacin,1
720,Clomipramine,1
1062,Efinaconazole,1
503,Budesonide / formoterol,1
707,Clindamycin / tretinoin,1
2015,Mometasone,1
2223,Olmesartan,1
2406,Phillips' Milk of Magnesia,1
2678,Ritalin,1
479,Brimonidine,1
1472,Hydrochlorothiazide,1
1930,Metaxalone,1
3281,Wellbutrin SR,1
2019,Monistat 7-Day Combination Pack,1
1010,Doxylamine,1
2861,Stelara,1
1727,Levitra,1
1629,Jublia,1
1672,L-methylfolate,1
1878,Maxalt,1
3367,Zolmitriptan,1
2549,Provera,1
292,Atarax,1
775,Copaxone,1
2469,Prazosin,1
1058,Efavirenz / emtricitabine / tenofovir,1
3165,VESIcare,1
339,Axiron,1
3175,Valsartan,1
1627,Jolessa,1
52,Acetazolamide,1
2002,Mirapex,1
1848,MS Contin,1
950,Diflucan,1
451,Bismuth subcitrate potassium / metronidazole / tetracycline,1
1719,Letrozole,1
1677,Lacosamide,1
2785,Silenor,1
3399,Zyrtec,1
303,Atripla,1
2298,Oxymetazoline,1
3305,Xolair,1
2391,Phenergan,1
127,Aleve,1
3126,Tylenol with Codeine #3,1
939,Diclegis,1
2798,Simvastatin,1
1451,Homatropine / hydrocodone,1
2387,Phenazopyridine,1
2168,Nora-Be,1
587,Carvedilol,1
1252,Fexofenadine,1
1628,Jolivette,1
1307,Fluticasone / salmeterol,1
2245,Opana,1
1753,Lifitegrast,1
1783,LoSeasonique,1
688,Claravis,1
2007,Mirvaso,1
1270,Flecainide,1
3297,Xenical,1
2099,Natalizumab,1
583,Cariprazine,1
2829,Solodyn,1
2089,Naproxen / sumatriptan,1
2787,Silodosin,1
2986,Testim,1
3323,Zanaflex,1
277,Aspirin / butalbital / caffeine,1
2018,Monistat 7,1
2565,Pylera,1
1688,Lamisil,1
2603,Rapaflo,1
2702,Rosuvastatin,1
2246,Opana ER,1
1299,Fluorouracil,1
3327,Zarah,1
2918,Synvisc-One,1
2871,Stribild,1
1257,Finasteride,1
2429,Plaquenil,1
2640,Requip,1
2808,Skelaxin,1
106,Aftera,1
2877,Subutex,1
2516,Prochlorperazine,1
714,Clobetasol,1
1836,Luvox,1
833,Dabigatran,1
162,Alprostadil,1
3314,Xyrem,1
1011,Doxylamine / pyridoxine,1
3119,Tussionex Pennkinetic,1
3303,Xiidra,1
2036,Mucinex,1
959,Diltiazem,1
2682,Rituximab,1
915,Dexedrine,1
3390,Zyban,1
87,Advair Diskus,1
402,Benicar,1
1744,Lialda,1
1980,Microgestin Fe 1.5 / 30,1
3068,Treximet,1
553,Camrese,1
2821,Sodium oxybate,1
877,Denosumab,1
2601,Ranitidine,1
3238,Vimpat,1
1571,Insulin glargine,1
2456,Pradaxa,1
223,AndroGel,1
3322,Zaleplon,1
1641,Kariva,1
1696,Lansoprazole,1
3134,Ulipristal,1
3098,Triumeq,1
3264,Vivitrol,1
1591,Invega,1
2264,Ortho Micronor,1
736,Cobicistat / elvitegravir / emtricitabine / tenofovir,1
502,Budesonide,1
49,Acetaminophen / propoxyphene,1
3129,Tysabri,1
882,Deplin,1
3074,Tri-Lo-Sprintec,1
1038,Duragesic,1
3272,Vraylar,1
606,Cefuroxime,1
3375,Zonisamide,1
408,Benzaclin,1
2530,Prolia,1
605,Ceftriaxone,1
2,Abacavir / dolutegravir / lamivudine,1
2692,Rocephin,1
2403,Phenytoin,1
1279,Flonase,1
1376,Gilenya,1
2985,Tessalon Perles,1
2805,Sitagliptin,1
801,Crestor,1
1584,Interferon beta-1a,1
2838,Soolantra,1
146,Alli,1
3406,ella,1
525,Byetta,1
1404,Golimumab,1
845,Dapagliflozin,1
3016,Tiotropium,1
659,Cholestyramine,1
2452,Portia,1
1312,Focalin XR,1
2766,Senna,1
2925,Tacrolimus,1
1843,Lyza,1
1308,Fluticasone / vilanterol,1
1261,Fiorinal,1
474,Breo Ellipta,1
1045,Dymista,1
1000,Doryx,1
1076,Elmiron,1
458,Blisovi Fe 1 / 20,1
346,Azelaic acid,1
2953,Taytulla,1
208,Amoxicillin / clarithromycin / lansoprazole,1
1999,Minoxidil,1
2824,Sofosbuvir / velpatasvir,1
1435,Haloperidol,1
3052,Transderm-Scop,1
1258,Fingolimod,1
1623,Januvia,1
406,Bentyl,1
880,Depakote ER,1
2069,Nabumetone,1
1911,Meperidine,1
977,Disulfiram,1
3366,Zoledronic acid,1
2890,Sulfasalazine,1
348,Azelastine / fluticasone,1
3349,Ziana,1
39,Acetaminophen / dichloralphenazone / isometheptene mucate,1
2368,Pentosan polysulfate sodium,1
211,Amphetamine,1
1321,Forteo,1
100,Afrezza,1
1238,Fentanyl Transdermal System,1
237,Apixaban,1
2134,Niacin,1
15,Acanya,1
861,Daytrana,1
2854,St. john's wort,1
747,Colchicine,1
1483,Hydrocodone / ibuprofen,1
180,Ambien CR,1
965,Diovan,1
345,Azathioprine,1
2144,Nifedipine,1
1112,Epclusa,1
2980,Terconazole,1
347,Azelastine,1
1553,Inderal,1
761,Compazine,1
2187,Norvasc,1
439,Biaxin,1
1811,Loryna,1
2723,Safyral,1
139,Allegra,1
3089,Trileptal,1
1368,Genvoya,1
2709,Rozerem,1
2668,Rifaximin,1
2598,Ramipril,1
1504,Hyoscyamine,1
3372,Zomig,1
215,Ampyra,1
2796,Simponi,1
1090,Emtricitabine / rilpivirine / tenofovir,1
2982,Teriparatide,1
1333,Furosemide,1
2597,Ramelteon,1
1898,Megestrol,1
1573,"Insulin inhalation, rapid acting",1
1086,Empagliflozin,1
2216,Ocular lubricant,1
737,Cobicistat / elvitegravir / emtricitabine / tenofovir alafenamide,1
1921,Meridia,1
1256,Finacea,1
771,Conjugated estrogens,1
1311,Focalin,1
2706,Roxicodone,1
359,Azor,1
1221,Farxiga,1
875,Demerol,1
2050,"Multivitamin, prenatal",1
2226,Olopatadine,1
2499,Primidone,1
907,Dexamethasone,1
719,Clomiphene,1
739,Codeine / guaifenesin,1
2846,Spiriva,1
1802,Loratadine,1
1624,Jardiance,1
955,Dilantin,1
1301,Fluoxetine / olanzapine,1
762,Complera,1
3013,Tinidazole,1
147,Allopurinol,1
1179,Etodolac,1
3017,Tirosint,1
217,Anafranil,1
2200,Nucynta ER,1
3055,Tranylcypromine,1
2047,Multivitamin,1
2343,Pazopanib,1
2590,Rabeprazole,1
1831,Lupron,1
1841,Lysine,1
1977,Microgestin 1 / 20,1
1879,Maxalt-MLT,1
1295,Fluocinolone / hydroquinone / tretinoin,1
2334,Parnate,1
2262,Ortho Cyclen,1
2365,Pentasa,1
2485,Prevacid,1
837,Dalfampridine,1
3291,Xanax XR,1
2758,Secukinumab,1
1271,Flector Patch,1
2909,Symbyax,1
3037,Toprol-XL,1
2646,Restoril,1
1224,Fastin,1
1016,Drixoral Cold and Allergy,1
797,Cozaar,1
1770,Lipitor,1
2686,Robaxin,1
741,Codeine / promethazine,1
386,Belbuca,1
723,Clopidogrel,1
2302,Oxytrol,1
2575,Quasense,1
268,Asacol,1
750,Colesevelam,1
2879,Sucralfate,1
2973,Tenuate,1
2602,Ranolazine,1
2100,Natazia,1
912,Dexbrompheniramine / pseudoephedrine,1
129,Alfuzosin,1
1779,Livalo,1
394,Benadryl,1
2790,Silver sulfadiazine,1
1085,Emollients,1
2649,Retin-A,1
562,Capsaicin,1
383,Beclomethasone,1
1803,Loratadine / pseudoephedrine,1
506,Bunavail,1
1599,Irbesartan,1
216,Amrix,1
1485,Hydrocortisone,1
2491,Prevpac,1
718,Clomid,1
3387,Zubsolv,1
1644,Keflex,1
3271,Votrient,1
1170,Ethinyl estradiol / ethynodiol,1
1208,Ezetimibe,1
201,Amlodipine / olmesartan,1
1511,Hysingla ER,1
2542,Protonix,1
1842,Lysteda,1
1384,Glimepiride,1
2432,Plecanatide,1
819,Cyclosporine,1
574,Carbidopa / levodopa,1
590,Catapres,1
522,Butorphanol,1
1863,Makena,1
2638,Repatha,1
203,Amlodipine / valsartan,1
229,Antabuse,1
1547,Imuran,1
2615,Reclast,1
1480,Hydrochlorothiazide / triamterene,1
58,Aciphex,1
3030,Tolterodine,1
1200,Exemestane,1
3075,Tri-Luma,1
2888,Sulfacetamide sodium / sulfur,1
640,Chlordiazepoxide / clidinium,1
2356,Penciclovir,1
656,Chlorzoxazone,1
2536,Propafenone,1
794,Cosentyx,1
1752,Lidoderm,1
945,Dienogest / estradiol,1
1097,Endocet,1
1190,Evolocumab,1
995,Donepezil,1
2837,Sonata,1
1496,Hydroxyprogesterone,1
1154,Estrace Vaginal Cream,1
1075,Eliquis,1
1935,Metformin / sitagliptin,1
256,Arimidex,1
2843,Sovaldi,1
3184,Vaniqa,1
2508,ProAir RespiClick,1
1474,Hydrochlorothiazide / lisinopril,1
654,Chlorpromazine,1
2937,Tamoxifen,1
2253,Oracea,1
1569,Insulin degludec,1
2693,Roflumilast,1
305,Atropine / diphenoxylate,1
1713,Leflunomide,1
1637,Kadian,1
3301,Xifaxan,1
2817,Sodium biphosphate / sodium phosphate,1
3382,Zovia,1
2028,Morphine / naltrexone,1
2587,Qvar,1
2133,Next Choice,1
838,Daliresp,1
1063,Eflornithine,1
3228,Vicoprofen,1
429,Betamethasone / calcipotriene,1
21,Acetaminophen,1
2105,Nature-Throid,1
990,Dofetilide,1
549,Camila,1
2056,Mycophenolate mofetil,1
1319,Formoterol / mometasone,1
1387,Glipizide,1
2426,Pitavastatin,1
2094,Nasacort,1
51,Acetaminophen / tramadol,1
2555,Pseudoephedrine,1
1230,Femara,1
960,Dimenhydrinate,1
1894,Mefenamic acid,1
2898,Sumavel DosePro,1
2287,Oxazepam,1
2098,Nasonex,1
191,Amiodarone,1
876,Denavir,1
3364,Zohydro ER,1
738,Codeine,1
2390,Phenelzine,1
302,Atralin,1
2479,Premarin,1
780,Coreg,1
354,Azithromycin Dose Pack,1
1214,Falmina,1
2645,Restasis,1
2841,Sotalol,1
2236,Omnicef,1
1137,Errin,1
1534,Imipramine,1
3135,Uloric,1
1331,Frovatriptan,1
1225,Febuxostat,1
902,Desyrel,1
2923,Taclonex,1
2092,Nardil,1
3108,Trulance,1
2823,Sofosbuvir,1
1330,Frova,1
3044,Toviaz,1
1795,Loperamide,1
1202,Exforge,1
101,Afrin,1
3374,Zonegran,1
319,Avanafil,1
3278,Warfarin,1
528,Cabergoline,1
2855,Stadol,1
1012,Dramamine,1
1927,Metadate CD,1
941,Diclofenac / misoprostol,1
1683,Lactulose,1
3294,Xeljanz,1
121,Aldara,1
3084,Triazolam,1
1193,Exalgo,1
2759,Selegiline,1
1622,Janumet,1
1080,Embeda,1
2863,Stendra,1
3241,Viorele,1
1389,Glucophage,1
1248,Fesoterodine,1
1982,Midazolam,1
1017,Dronabinol,1
3358,Zipsor,1
1634,Junel Fe 1.5 / 30,1
2703,Rotigotine,1
463,Bonine,1
2138,Nicoderm CQ,1
930,Diamox,1
3025,Tofacitinib,1
2599,Ranexa,1
1475,Hydrochlorothiazide / losartan,1
3363,Zofran ODT,1
3346,Zetia,1
3279,Welchol,1
1296,Fluocinonide,1
962,Dimethyl fumarate,1
1234,Fenofibrate,1
3391,Zyclara,1
1215,Famciclovir,1
2122,Neupro,1
1939,Methadose,1
198,Amlodipine / benazepril,1
676,Ciprodex,1
3008,Tikosyn,1
3065,Tresiba,1
1745,Librax,1
1030,Dulcolax Laxative,1
267,Arthrotec,1
1654,Ketoconazole,1
2956,Tecfidera,1
2977,Terazosin,1
715,Clobex,1
2809,Sklice,1
2090,Naratriptan,1
416,Benzoyl peroxide / erythromycin,1
3148,Unisom SleepTabs,1
2687,Robaxin-750,1
2420,Pioglitazone,1
1375,Gildess Fe 1.5 / 30,1
1032,Dulera,1
898,Desonide,1
604,Ceftin,1
2021,Monodox,1
2981,Teriflunomide,1
2431,Plavix,1
2399,Phenylephrine,1
1490,Hydromet,1
2752,Seasonale,1
1940,Methamphetamine,1
3107,Trospium,1
2466,Pravastatin,1
3365,Zoladex,1
1071,Elidel,1
3001,Thorazine,1
40,Acetaminophen / diphenhydramine,1
2524,Progesterone,1
1408,Goserelin,1
1516,Ibandronate,1
1769,Liothyronine,1
322,Avapro,1
1521,Ibuprofen / pseudoephedrine,1
2341,Paxil CR,1
2932,Taltz,1
1018,Dronedarone,1
2495,Prilosec,1
2629,Relistor,1
694,Claritin-D,1
1136,Erlotinib,1
414,Benzoyl peroxide,1
2944,Tarceva,1
131,Alirocumab,1
1938,Methadone Diskets,1
1163,Estring,1
1064,Efudex,1
1077,Elocon,1
1383,Gleevec,1
1005,Doxazosin,1
125,Alendronate,1
71,Actos,1
2109,Necon 1 / 35,1
1253,Fexofenadine / pseudoephedrine,1
2120,Neulasta,1
1704,Lasix,1
1528,Iloperidone,1
954,Dihydroergotamine,1
803,Crisaborole,1
3213,Versed,1
311,Aubagio,1
559,Capecitabine,1
2074,Nalbuphine,1
1964,MetroGel-Vaginal,1
115,Albuterol / ipratropium,1
569,Carafate,1
334,Avonex,1
1739,Levoxyl,1
589,Cataflam,1
1954,Methylnaltrexone,1
2963,Telmisartan,1
628,Cheratussin AC,1
331,Avinza,1
2415,Pimecrolimus,1
2257,Orencia,1
2568,Pyridostigmine,1
483,Brisdelle,1
3104,Trolamine salicylate,1
1041,Dutasteride,1
205,Amnesteem,1
1530,Imatinib,1
1609,Isosorbide mononitrate,1
3046,Tradjenta,1
2260,Orphenadrine,1
2114,Nefazodone,1
3319,Yuvafem,1
2917,Synvisc,1
1182,Eucrisa,1
2947,Tarina Fe 1 / 20,1
2208,Nystatin,1
2458,Praluent,1
177,Amantadine,1
1618,Ixekizumab,1
3200,Velivet,1
2544,Protopic,1
724,Clorazepate,1
2960,Tekturna,1
1698,Lantus,1
3325,Zantac,1
3136,Ultracet,1
276,Aspirin,1
727,Clozapine,1
336,Axert,1
643,Chlorpheniramine,1
1555,Indocin,1
1067,Elbasvir / grazoprevir,1
1639,Kapidex,1
1592,Invega Sustenna,1
2070,Nadolol,1
2473,Prednisolone,1
464,Boniva,1
2137,Niaspan,1
2489,Previfem,1
611,CellCept,1
2086,Naprosyn,1
2232,Omega-3 polyunsaturated fatty acids,1
148,Almotriptan,1
1148,Esomeprazole / naproxen,1
2439,Podofilox,1
2775,Septra DS,1
1083,Emetrol,1
4,Abatacept,1
533,Caffeine / ergotamine,1
2160,Nivolumab,1
278,Aspirin / butalbital / caffeine / codeine,1
3138,Ultram ER,1
2348,Pegfilgrastim,1
428,Betamethasone,1
3005,Ticagrelor,1
333,Avodart,1
1140,Erythromycin,1
1055,Edex,1
1429,Haldol,1
3326,Zantac 150,1
2322,Pancrelipase,1
2157,Nitroglycerin,1
1467,Hycodan,1
2990,Tetracycline,1
2835,Sominex,1
96,Adzenys XR-ODT,1
91,Advil Cold and Sinus,1
895,Desogen,1
1941,Methenamine,1
678,Ciprofloxacin / dexamethasone,1
2197,Nubain,1
1871,Marinol,1
1615,Itraconazole,1
1761,Linagliptin,1
3343,Zepatier,1
155,Alosetron,1
2052,Mupirocin,1
1864,Malarone,1
1119,Epiduo Forte,1
1349,Gardasil,1
617,Certolizumab,1
501,Budeprion XL,1
2900,Supartz,1
2860,Staxyn,1
1235,Fenofibric acid,1
1402,GoLYTELY,1
2316,Pamelor,1
2526,Prograf,1
2310,Palbociclib,1
2705,Roxicet,1
2147,Nilotinib,1
900,Desoxyn,1
3166,Vagifem,1
2079,Naloxone / pentazocine,1
466,Bontril Slow Release,1
3198,Vedolizumab,1
2770,Senokot,1
558,Candesartan,1
2535,Prometrium,1
3403,Zyvox,1
1793,Lomotil,1
2626,Relafen,1
899,Desoximetasone,1
306,Atropine / hyoscyamine / phenobarbital / scopolamine,1
3182,Vancomycin,1
224,Androderm,1
433,Bevacizumab,1
395,Benadryl Allergy,1
1477,Hydrochlorothiazide / olmesartan,1
3159,Uroxatral,1
2741,Sarafem,1
749,Colcrys,1
2567,Pyridium,1
1971,Micardis,1
2673,Risedronate,1
2462,Pramoxine,1
2681,Rituxan,1
1812,Lorzone,1
2518,Proctofoam,1
3202,Veltin,1
602,Cefprozil,1
132,Aliskiren,1
403,Benicar HCT,1
1089,Emsam,1
3313,Xylometazoline,1
978,Ditropan,1
1765,Linezolid,1
1273,Fleet Enema,1
454,Bisoprolol / hydrochlorothiazide,1
851,Darifenacin,1
1786,Loestrin 21 1 / 20,1
2957,Tegaserod,1
2234,Omeprazole / sodium bicarbonate,1
1037,Dupixent,1
3337,Zelnorm,1
3174,Valproic acid,1
1122,Epitol,1
301,Atovaquone / proguanil,1
27,Acetaminophen / butalbital / caffeine / codeine,1
1538,Imitrex Statdose,1
1651,Kerydin,1
2425,Piroxicam,1
3263,Vivelle-Dot,1
210,Amoxil,1
2959,Tegretol XR,1
1517,Ibrance,1
274,Ashlyna,1
2184,Nortrel 1 / 35,1
2539,Propoxyphene,1
1121,Epinephrine,1
634,Chloral hydrate,1
786,Correctol,1
2053,Muse,1
1457,Human papillomavirus vaccine,1
493,Brompheniramine / dextromethorphan / pseudoephedrine,1
1432,Halobetasol,1
1452,Horizant,1
1682,Lactobacillus acidophilus,1
568,Carac,1
2895,Sulindac,1
2834,Somatropin,1
3142,Umeclidinium / vilanterol,1
1725,Levemir,1
325,Avastin,1
1570,Insulin detemir,1
2717,Rythmol SR,1
2613,Rebif,1
693,Claritin,1
1655,Ketoprofen,1
1322,Fortesta,1
3071,Tri-Linyah,1
3237,Vimovo,1
2720,SMZ-TMP DS,1
2409,Phosphorated carbohydrate solution,1
1335,Fycompa,1
3332,Zegerid,1
1481,Hydrochlorothiazide / valsartan,1
1723,Levalbuterol,1
2800,Sinemet,1
1186,Evekeo,1
2141,Nicotrol Inhaler,1
1542,Immune globulin subcutaneous,1
3023,Tocilizumab,1
1905,Memantine,1
1219,Fanapt,1
2046,Multaq,1
760,Commit,1
3385,Zovirax Cream,1
997,Donnatal,1
548,Cambia,1
90,Advil,1
478,Brilinta,1
1767,Lioresal,1
666,Ciclesonide,1
2241,Onexton,1
2049,Multivitamin with minerals,1
1706,Latanoprost,1
244,Apriso,1
1819,Lotronex,1
3208,Veramyst,1
404,Benlysta,1
1513,Hyzaar,1
969,Diphenhydramine / naproxen,1
904,Detrol,1
2337,Pataday,1
1008,Doxy 100,1
3296,Xeloda,1
973,Diprivan,1
1488,Hydrocortisone / pramoxine,1
1818,Lotrel,1
1705,Lastacaft,1
1524,Icosapent,1
891,Desipramine,1
1108,Entyvio,1
2375,Perampanel,1
1337,Gabapentin enacarbil,1
374,Balsalazide,1
3085,Tribenzor,1
1989,Migranal,1
226,Angeliq,1
2905,Sutent,1
250,Arava,1
182,Amerge,1
29,Acetaminophen / caffeine / dihydrocodeine,1
671,Cimzia,1
1852,Macrodantin,1
1232,Femring,1
1036,Dupilumab,1
372,Bactroban,1
1094,Enablex,1
3080,TriNessa Lo,1
993,Dolophine,1
3371,Zometa,1
1983,Midodrine,1
2560,Psyllium,1
725,Clotrimazole,1
732,Coal tar,1
825,Cytomel,1
1061,Effient,1
1194,Excedrin,1
387,Belimumab,1
702,Climara,1
254,Aricept,1
1699,Lantus Solostar,1
2972,Tenormin,1
1157,Estradiol / levonorgestrel,1
1948,Methyl salicylate,1
107,Aggrenox,1
62,Actemra,1
2728,Saliva substitutes,1
3012,Tindamax,1
857,Dasatinib,1
2954,Tazarotene,1
1809,Lorcet 10 / 650,1
3042,Toujeo,1
1428,Halcion,1
2054,My Way,1
57,Acidophilus,1
2949,Tasigna,1
3192,Vascepa,1
2339,Patanol,1
1653,Ketamine,1
905,Detrol LA,1
227,Anoro Ellipta,1
3274,Vytorin,1
1304,Flurazepam,1
3124,Tylenol PM,1
1597,Ipratropium,1
1648,Kenalog-40,1
3398,Zyprexa Zydis,1
361,Azurette,1
120,Aldactone,1
1816,Loteprednol,1
1324,Fosamax,1
116,Alcaftadine,1
424,Bepreve,1
1680,Lactase,1
2225,Olodaterol / tiotropium,1
532,Caffeine,1
1728,Levlen,1
2507,ProAir HFA,1
289,Astepro,1
3233,Vienva,1
668,Ciclopirox,1
3361,Zocor,1
703,Climara Pro,1
2249,Opdivo,1
2437,Pneumococcal 13-valent vaccine,1
1468,Hydralazine,1
3224,Vicks Sinex Nasal Spray (old formulation),1
1963,MetroGel,1
351,Azilsartan medoxomil,1
1662,Klonopin Wafer,1
2722,Sacubitril / valsartan,1
2899,Sunitinib,1
1640,Kapvay,1
1448,Hiprex,1
2016,Monistat 1-Day or Night Combination Pack,1
1106,Entocort EC,1
2735,Sanctura,1
1216,Famotidine,1
988,Docusate,1
3155,Uricalm,1
1620,Jalyn,1
888,Dermal filler,1
864,Decadron,1
1990,Milk of Magnesia,1
2360,Penicillin v potassium,1
453,Bisoprolol,1
1150,Estazolam,1
2934,Talwin Nx,1
894,Desmopressin,1
2416,Pimozide,1
805,Cromolyn,1
1777,Lithobid,1
98,Afinitor,1
1158,Estradiol / norethindrone,1
69,Actonel,1
1199,Exelon,1
2256,Orap,1
755,Combigan,1
2385,Perphenazine,1
2243,Onglyza,1
1820,Lovastatin,1
3226,Vicodin ES,1
59,Acitretin,1
1004,Dovonex,1
1647,Kenalog-10,1
2267,Ortho-Cept,1
966,Diovan HCT,1
48,Acetaminophen / phenyltoloxamine,1
3090,Trilipix,1
1092,Emtricitabine / tenofovir,1
2760,Selenium sulfide,1
1928,Metamucil,1
1512,Hytrin,1
699,Cleocin,1
2490,Prevnar 13,1
2774,Septra,1
1020,Drospirenone / estradiol,1
1053,Edarbi,1
199,Amlodipine / hydrochlorothiazide / olmesartan,1
3206,Ventolin,1
2684,Rivastigmine,1
489,Bromocriptine,1
263,Aromasin,1
2950,Tavaborole,1
1952,Methylin,1
586,Cartia XT,1
2363,Pennsaid,1
1209,Ezetimibe / simvastatin,1
174,Alvesco,1
812,Cyanocobalamin,1
1360,Gemfibrozil,1
519,Butalbital Compound,1
66,Actiq,1
796,Coumadin,1
1650,Keppra XR,1
3234,Vigamox,1
2058,Mydayis,1
2464,Prasugrel,1
1042,Dutasteride / tamsulosin,1
25,Acetaminophen / butalbital,1
1833,Lupron Depot-PED,1
397,Benazepril,1
2453,Potassium chloride,1
1143,Esgic-Plus,1
423,Bepotastine,1
3111,Truvada,1
1082,Emend,1
2084,Naphazoline / pheniramine,1
928,Dextromethorphan / quinidine,1
178,Amaryl,1
1260,Fioricet with Codeine,1
1487,Hydrocortisone / neomycin / polymyxin b,1
1185,Evamist,1
2582,Quillivant XR,1
2250,Opium,1
3376,Zorvolex,1
2719,S-adenosylmethionine,1
923,Dextromethorphan / guaifenesin,1
1479,Hydrochlorothiazide / telmisartan,1
2083,Naphazoline,1
543,Calcium carbonate,1
2392,Phenobarbital,1
649,Chlorpheniramine / hydrocodone / pseudoephedrine,1
3373,Zomig-ZMT,1
2783,Sharobel,1
538,Calcipotriene,1
1132,Ergocalciferol,1
1934,Metformin / saxagliptin,1
1895,Mefloquine,1
3309,Xtampza ER,1
1953,Methylin ER,1
1997,Minocin,1
2077,Naloxone,1
572,Carbatrol,1
1115,EpiCeram,1
1798,Lopressor,1
1920,Mercaptopurine,1
2173,Norflex,1
2352,Pembrolizumab,1
2537,Propecia,1
1414,Griseofulvin,1
892,Desloratadine,1
1604,Isentress,1
3389,Zutripro,1
1051,Econazole,1
3348,Ziac,1
1717,Lessina,1
2746,Saxagliptin,1
60,Aclidinium,1
641,Chlorhexidine,1
1217,Famotidine / ibuprofen,1
2349,Peginterferon alfa-2a,1
242,Aprepitant,1
1576,Insulin lispro,1
772,Conjugated estrogens / medroxyprogesterone,1
1839,Lybrel,1
3152,Urea,1
421,Benztropine,1
789,Corticotropin,1
2556,Pseudoephedrine / triprolidine,1
2818,Sodium chloride,1
1228,Feldene,1
56,Acetylcysteine,1
2694,Rogaine,1
2639,Reprexain,1
2732,Salonpas Pain Patch,1
1027,Duexis,1
1543,Imodium,1
1912,Meperidine / promethazine,1
1095,Enalapril,1
871,Delsym 12 Hour Cough Relief,1
2505,Privine,1
2662,Rhofade,1
1972,Micardis HCT,1
2852,Sprycel,1
3154,Uribel,1
1107,Entresto,1
1541,Immune globulin oral,1
2592,Racepinephrine,1
1239,Fentora,1
2935,Tambocor,1
2955,Tazorac,1
1665,Kombiglyze XR,1
1325,Fosfomycin,1
2085,Naprelan,1
1506,Hyoscyamine / methenamine / methylene blue / phenyl salicylate / sodium biphosphate,1
342,Azacitidine,1
3070,Tri-Estarylla,1
219,Analpram-HC,1
8,Abiraterone,1
531,Cafergot,1
2048,Multivitamin with iron,1
1159,Estradiol Patch,1
1246,Ferrous sulfate,1
445,Bimatoprost,1
1560,"Influenza virus vaccine, live, trivalent",1
481,Brimonidine / timolol,1
624,Cevimeline,1
756,Combivent,1
3307,Xopenex,1
143,Allegra-D 24 Hour,1
800,Creon,1
2967,Temozolomide,1
3039,Toradol IV / IM,1
1411,Granisetron,1
282,Aspirin / carisoprodol,1
1943,Methimazole,1
3170,Valdecoxib,1
1859,Magnesium oxide,1
2482,Prempro,1
1505,Hyoscyamine / methenamine / methylene blue / phenyl salicylate,1
1188,Everolimus,1
113,Albiglutide,1
1736,Levorphanol,1
1892,Medrol Dosepak,1
420,Benzphetamine,1
2381,Perindopril,1
1606,Isoniazid,1
1497,Hydroxyurea,1
3384,Zovirax,1
607,Cefzil,1
2919,Systane,1
3130,Tyvaso,1
378,Barium sulfate,1
1401,Glyxambi,1
2776,Serax,1
2227,Olux,1
815,Cyclizine,1
1105,EnteraGam,1
352,Azilsartan medoxomil / chlorthalidone,1
2832,Soma Compound,1
1003,Dostinex,1
2851,Sprix,1
1740,Levsin,1
2995,Theophylline,1
2030,Motrin,1
1287,FluMist,1
3247,Visine Totality Multi-Symptom Relief,1
1114,Ephedrine / guaifenesin,1
411,Benzocaine,1
3354,Zinc oxide,1
3087,Trihexyphenidyl,1
3139,Ultram ODT,1
2383,Permethrin,1
1518,Ibrutinib,1
2333,Parlodel,1
3132,Uceris,1
3146,Unisom SleepGels,1
3092,Trimethoprim,1
2849,Sporanox,1
3113,Tudorza Pressair,1
1318,Formoterol,1
2596,Raltegravir,1
2496,Prilosec OTC,1
3078,TriCor,1
757,Combivent Respimat,1
2347,Pegasys,1
2984,Tessalon,1
2866,Stiolto Respimat,1
1054,Edarbyclor,1
1596,Ionamin,1
1780,Lo / Ovral,1
1762,Linagliptin / metformin,1
93,Advil Liqui-Gels,1
2878,Succinylcholine,1
233,Antivert,1
689,Clarifoam EF,1
1152,Esterified estrogens / methyltestosterone,1
1292,Fludrocortisone,1
663,Chorionic gonadotropin (hcg),1
1785,Lodine,1
664,Chromium picolinate,1
288,Astelin,1
754,CombiPatch,1
44,Acetaminophen / pamabrom,1
2992,Tetrahydrozoline / zinc sulfate,1
3342,Zenzedi,1
286,Aspirin / dipyridamole,1
2781,Serzone,1
3232,Viekira Pak,1
1218,Famvir,1
65,Actifed,1
540,Calcitriol,1
2501,Prinivil,1
591,Catapres-TTS,1
2715,Rytary,1
3231,Vidaza,1
994,Dolutegravir,1
2962,Telaprevir,1
1567,Insulin aspart,1
2338,Patanase,1
3128,Tylox,1
1131,Erbitux,1
1924,Mestinon,1
1262,Fiorinal with Codeine,1
3121,Tylenol,1
840,Dalmane,1
746,Colazal,1
2201,Nuedexta,1
1231,Femcon Fe,1
183,Amethia,1
1718,Letairis,1
487,Bromfed DM,1
1043,Dyanavel XR,1
985,Docetaxel,1
623,Cetuximab,1
536,Calan SR,1
3167,Vagistat-1,1
577,Cardizem,1
1178,Ethosuximide,1
175,Alyacen 1 / 35,1
2374,Pepto-Bismol,1
2782,Sevelamer,1
2836,Somnote,1
3298,Xerac AC,1
2718,Ryzolt,1
2276,Ospemifene,1
2394,Phenol,1
1896,Megace,1
3345,Zestril,1
3099,Trivora,1
672,Cinacalcet,1
2081,Namenda,1
991,Dolgic Plus,1
883,Depo-Medrol,1
275,Asmanex Twisthaler,1
2892,Sulfazine,1
3086,Trifluoperazine,1
34,Acetaminophen / chlorpheniramine / phenylephrine,1
818,Cyclophosphamide,1
1837,Luvox CR,1
167,Altavera,1
2038,Mucinex D Maximum Strength,1
1207,Eylea,1
1531,Imbruvica,1
599,Cefixime,1
2152,Niravam,1
358,Azo-Standard,1
2483,Prenatal Plus,1
1101,Enoxaparin,1
280,Aspirin / caffeine / orphenadrine,1
713,Clobazam,1
246,Aptiom,1
99,Aflibercept,1
2248,Opcon-A,1
2465,Pravachol,1
3251,Vitamin B12,1
1087,Empagliflozin / linagliptin,1
2679,Ritalin LA,1
1297,Fluoride,1
2604,Rasagiline,1
878,Depakene,1
3026,Tofranil,1
1657,Ketotifen,1
1294,Fluocinolone,1
1995,Minipress,1
3177,Valturna,1
2509,ProAmatine,1
670,Cimetidine,1
438,Biafine,1
1743,Lexiscan,1
856,Dasabuvir / ombitasvir / paritaprevir / ritonavir,1
2840,Soriatane,1
2068,Nabilone,1
3227,Vicodin HP,1
2451,Ponstel,1
2667,Rifampin,1
3131,Ubiquinone,1
1354,GaviLyte-G,1
2652,Revatio,1
1191,Evoxac,1
1056,Edluar,1
1350,Gas-X,1
1393,Glucotrol,1
1025,Duavee,1
3402,Zytiga,1
2794,Simethicone,1
637,Chloraseptic Sore Throat Spray,1
1450,Hizentra,1
1329,FreshKote,1
813,Cyclafem 1 / 35,1
2585,Quinine,1
1417,Guaifenesin / phenylephrine,1
2189,Nostrilla,1
1646,Kenalog,1
1544,Imodium A-D,1
30,Acetaminophen / caffeine / isometheptene mucate,1
927,Dextromethorphan / promethazine,1
2285,Oxaprozin,1
1658,Keytruda,1
2135,Niacin / simvastatin,1
1806,Lorazepam Intensol,1
3112,Tryptophan,1
2675,Risperdal Consta,1
1631,Junel 1 / 20,1
779,Cordran Tape,1
1460,Humatrope,1
218,Anakinra,1
989,Docusate / senna,1
1135,Eribulin,1
335,Avonex Pen,1
410,Benzamycin,1
1057,Efavirenz,1
573,Carbidopa / entacapone / levodopa,1
165,Altabax,1
728,Clozaril,1
1305,Flurbiprofen,1
708,Clindesse,1
1711,Lecithin,1
1678,Lacrisert,1
2004,Mircette,1
2979,Terbutaline,1
2653,Revia,1
1822,Lovenox,1
2738,Sandostatin,1
3120,Twynsta,1
2941,Tanzeum,1
3243,Viread,1
2235,Omnaris,1
951,Diflunisal,1
204,Ammonium lactate,1
653,Chlorpheniramine / pseudoephedrine,1
50,Acetaminophen / pseudoephedrine,1
265,Artane,1
3339,Zenatane,1
2883,Sudafed Congestion,1
633,Chlor-Trimeton,1
1586,Intermezzo,1
2218,Ofloxacin,1
821,Cylert,1
652,Chlorpheniramine / phenylephrine,1
1345,Galantamine,1
1050,Echinacea,1
1828,Lumigan,1
238,Aplenzin,1
1781,Lo / Ovral-28,1
2020,Mono-Linyah,1
661,Chondroitin / glucosamine,1
1303,Flurandrenolide,1
2277,Osphena,1
166,Altace,1
2366,Pentazocine,1
446,Bioflavonoids,1
1789,Loestrin Fe 1 / 20,1
2839,Sorafenib,1
1814,Lotemax,1
2166,NoDoz,1
2110,Necon 1 / 50,1
1947,Methscopolamine,1
1700,Lariam,1
389,Belladonna / opium,1
1554,Inderal LA,1
2647,Retapamulin,1
1426,Halaven,1
194,Amitriptyline / chlordiazepoxide,1
142,Allegra-D 12 Hour,1
2355,Pemoline,1
2498,Primatene Mist,1
2736,Sanctura XR,1
2933,Talwin,1
2731,Salofalk,1
593,Caverject Impulse,1
1961,Metoprolol Tartrate,1
290,Asthmanefrin,1
842,Danazol,1
1142,Esgic,1
1951,Methylergonovine,1
909,Dexamethasone / tobramycin,1
944,Didrex,1
3140,Ultravate,1
1926,Mestranol / norethindrone,1
63,Acthar,1
3386,Zovirax Ointment,1
953,Digoxin,1
1679,Lactaid,1
1626,Jentadueto,1
957,Dilaudid-HP,1
2721,Saccharomyces boulardii lyo,1
1532,Imdur,1
1872,Marlissa,1
2534,Promethazine DM,1
937,Dibucaine,1
2965,Temodar,1
307,Atrovent,1
3207,Ventolin HFA,1
781,Coreg CR,1
2128,Nexavar,1
2309,Paclitaxel protein-bound,1
1361,Gemifloxacin,1
2974,Tenuate Dospan,1
1226,Felbamate,1
2595,Raloxifene,1
650,Chlorpheniramine / methscopolamine / phenylephrine,1
1317,Foradil Aerolizer,1
1750,Lidocaine / prilocaine,1
681,CitraNatal 90 DHA,1
37,Acetaminophen / dextromethorphan / doxylamine / pseudoephedrine,1
1040,Durezol,1
1126,Epoetin alfa,1
1539,Immune globulin intravenous,1
2576,Quazepam,1
1162,Estratest H.S.,1
2712,Rufinamide,1
2874,Sublimaze,1
2654,Revlimid,1
829,D.H.E. 45,1
181,Ambrisentan,1
1824,Loxapine,1
2202,Nupercainal,1
33,Acetaminophen / chlorpheniramine,1
1988,Migergot,1
1826,Lucentis,1
1891,Medrol,1
1473,Hydrochlorothiazide / irbesartan,1
2210,Nytol,1
2561,Pulmicort Flexhaler,1
1048,EContra EZ,1
1737,Levothroid,1
2701,Rosiglitazone,1
1146,Eslicarbazepine,1
2928,Tafluprost,1
340,Aygestin,1
2066,Mysoline,1
556,Canasa,1
3033,Topicort,1
1302,Fluphenazine,1
2902,Suprax,1
2713,Ruxolitinib,1
2797,Simponi Aria,1
655,Chlorthalidone,1
783,Coricidin HBP Cold & Flu,1
1153,Estrace,1
3053,Tranxene,1
836,Daklinza,1
1001,Dorzolamide,1
1187,Evening Primrose Oil,1
3370,Zolpimist,1
1284,Flovent,1
2772,Sensipar,1
1084,Emla,1
500,Budeprion SR,1
2970,Tenofovir,1
3221,Vicks Nyquil D Cold and Flu Nighttime Relief,1
2663,Ribavirin,1
253,Arginine,1
873,Delzicol,1
1438,Heather,1
1254,Fidaxomicin,1
140,Allegra Allergy,1
657,Cholecalciferol,1
2806,Sitavig,1
1229,Felodipine,1
172,Aluminum hydroxide / magnesium trisilicate,1
3018,Tivicay,1
221,Anaprox-DS,1
925,Dextromethorphan / guaifenesin / pseudoephedrine,1
441,Bicalutamide,1
2096,Nasacort Allergy 24HR,1
2242,Onfi,1
2600,Ranibizumab,1
2325,Panlor SS,1
1227,Felbatol,1
471,Botox Cosmetic,1
2161,Nizatidine,1
2371,Pepcid,1
2761,Selexipag,1
2951,Taxol,1
872,Deltasone,1
3288,Xalatan,1
1897,Megace ES,1
2194,Novolog,1
2952,Taxotere,1
1026,Duet DHA,1
824,Cyred,1
1044,Dyazide,1
2008,Misoprostol,1
827,Cytoxan,1
1867,Maprotiline,1
2704,Rowasa,1
1356,Gefitinib,1
1632,Junel 1.5 / 30,1
2146,Nikki,1
161,Alprazolam Intensol,1
281,Aspirin / caffeine / salicylamide,1
494,Brompheniramine / pseudoephedrine,1
768,Condylox,1
3392,Zylet,1
2318,PanOxyl,1
2067,NP Thyroid,1
1758,Limbrel,1
814,Cyclessa,1
1222,Faslodex,1
382,Bazedoxifene / conjugated estrogens,1
2268,Ortho-Novum 1 / 35,1
527,C1 esterase inhibitor (human),1
2358,Penicillin VK,1
2745,Saw palmetto,1
855,Darvon,1
2795,Simply Sleep,1
1918,Meprobamate,1
3064,Treprostinil,1
2876,Subsys,1
2623,Regadenoson,1
554,CamreseLo,1
1932,Metformin / pioglitazone,1
669,Cilostazol,1
1316,Fondaparinux,1
3383,Zovia 1 / 35,1
2198,Nucala,1
2707,Roxicodone Intensol,1
1002,Dorzolamide / timolol,1
2514,Procardia,1
3082,Triamterene,1
1619,Jakafi,1
2632,Remeron SolTab,1
435,Bextra,1
2862,Stelazine,1
696,Claritin-D 24 Hour,1
440,Biaxin XL,1
2139,Nicorette,1
2664,Riboflavin,1
2833,Soma Compound with Codeine,1
2847,Spiriva Respimat,1
1575,Insulin isophane / insulin regular,1
1821,Lovaza,1
492,Brompheniramine / dextromethorphan / phenylephrine,1
1563,InnoPran XL,1
3287,X-Viate,1
3293,Xartemis XR,1
2118,Nepafenac,1
1585,Interferon beta-1b,1
2308,Paclitaxel,1
1355,GaviLyte-N,1
976,Disopyramide,1
1603,Iron sucrose,1
1362,Gemzar,1
618,Cervidil,1
2804,Sipuleucel-T,1
2175,Norgesic,1
1047,Dysport,1
3260,Vivaglobin,1
730,CoQ10,1
1942,Methergine,1
1013,Dramamine II,1
3125,Tylenol with Codeine,1
2294,OxyIR,1
2574,Qualaquin,1
3056,Trastuzumab,1
1578,Insulin regular,1
645,Chlorpheniramine / dextromethorphan / phenylephrine,1
2882,Sudafed 24-Hour,1
2055,Mycelex Troche,1
376,Balziva,1
2124,NeutraSal,1
41,Acetaminophen / diphenhydramine / phenylephrine,1
709,Clinoril,1
1277,Flibanserin,1
1950,Methyldopa,1
1072,Eligard,1
2566,Pyrantel,1
1359,Gemcitabine,1
2725,Salicylic acid,1
2269,Ortho-Novum 7 / 7 / 7,1
2547,Proventil,1
2789,Silver,1
578,Cardizem CD,1
507,Bupap,1
2176,Norgesic Forte,1
1266,Flagyl ER,1
1390,Glucophage XR,1
350,Azilect,1
10,Abraxane,1
644,Chlorpheniramine / dextromethorphan,1
3043,Toujeo Solostar,1
2802,Sinequan,1
2578,Questran,1
2039,Mucinex DM,1
3273,Vusion,1
1196,Excedrin PM,1
3302,Xigduo XR,1
2521,Procyclidine,1
3306,Xolegel,1
2159,Nitrostat,1
200,Amlodipine / hydrochlorothiazide / valsartan,1
2275,OsmoPrep,1
2921,Systane Ultra,1
2618,Rectiv,1
3378,Zoster vaccine live,1
2143,Nifedical XL,1
112,Albendazole,1
349,Azelex,1
3257,Vitamin e,1
1492,Hydroquinone,1
782,Corgard,1
202,Amlodipine / telmisartan,1
124,Alemtuzumab,1
2559,Psoriasin,1
3328,Zarontin,1
3218,Vibramycin,1
3203,Vemurafenib,1
1406,Goody's Extra-Strength Headache Powders,1
2342,Pazeo,1
283,Aspirin / carisoprodol / codeine,1
935,Diazepam Intensol,1
2185,Nortrel 7 / 7 / 7,1
2617,RectiCare,1
2215,Octreotide,1
2522,Prodrin,1
1454,Humalog,1
765,Comtan,1
291,Atacand,1
2695,Rogaine Women's,1
3088,Trilafon,1
465,Bontril PDM,1
3127,Tylenol with Codeine #4,1
1357,Gelnique,1
2830,Solu-Medrol,1
835,Daclatasvir,1
588,Casodex,1
1970,Mibelas 24 Fe,1
2907,Symax Duotab,1
2220,Ogestrel-28,1
1397,Glyburide,1
1663,Klor-Con,1
1116,EpiPen,1
2676,Risperdal M-Tab,1
2754,Secobarbital,1
2792,Simcor,1
3162,Ursodiol,1
2548,Proventil HFA,1
3069,Trezix,1
535,Calan,1
2671,Riluzole,1
566,Capzasin-HP,1
1424,Habitrol,1
393,Belviq XR,1
452,Bismuth subsalicylate,1
1144,Eskalith,1
68,ActoPlus Met,1
1212,Factive,1
1455,Humalog KwikPen,1
2091,Narcan Injection,1
646,Chlorpheniramine / dextromethorphan / pseudoephedrine,1
1264,Firmagon,1
1741,Levsin SL,1
2845,Spinosad,1
831,DDAVP,1
398,Bendamustine,1
3116,Turmeric,1
3020,TobraDex,1
1065,Egrifta,1
2788,Silvadene,1
1352,Gatifloxacin,1
2636,Renvela,1
3187,Vantin,1
7,Abilify Maintena,1
321,Avandia,1
1556,Indocin SR,1
1399,Glycerin,1
1600,Iressa,1
1251,Fexmid,1
931,Diamox Sequels,1
3215,Vestura,1
1549,Incivek,1
1689,Lamisil AT,1
448,Biotin,1
1409,Gralise,1
2637,Repaglinide,1
3318,Yohimbine,1
1885,Maxzide,1
885,Depo-Provera Contraceptive,1
1747,Lidex,1
2737,Sancuso,1
2463,Prandin,1
2987,Testopel,1
2531,Prolixin,1
3344,Zestoretic,1
2412,Picato,1
1069,Elestrin,1
601,Cefpodoxime,1
1720,Leukeran,1
81,Addyi,1
795,Cosopt,1
344,Azasite,1
2865,Stimate,1
2583,Quinapril,1
287,Aspirin / oxycodone,1
716,Clocortolone,1
1715,Lenalidomide,1
3122,Tylenol 8 Hour,1
695,Claritin-D 12 Hour,1
1444,Herceptin,1
2284,Oxaliplatin,1
1917,Mepolizumab,1
459,Blisovi Fe 1.5 / 30,1
1666,Krystexxa,1
1967,Mexiletine,1
431,Betaseron,1
1120,Epinastine,1
2335,Paromomycin,1
1134,Ergotamine,1
1172,Ethinyl estradiol / folic acid / levonorgestrel,1
3394,Zymar,1
1103,Enstilar,1
564,Captopril,1
2104,Natroba,1
3310,Xtandi,1
171,Aluminum hydroxide / magnesium hydroxide / simethicone,1
2793,Simeprevir,1
1537,Imitrex Nasal,1
88,Advair HFA,1
2975,Terazol,1
432,Bethanechol,1
24,Acetaminophen / aspirin / caffeine / salicylamide,1
1413,Gris-PEG,1
2523,Proferrin-ES,1
1815,Lotensin,1
443,Bifidobacterium infantis / lactobacillus acidophilus,1
1285,Flovent HFA,1
2460,Pramlintide,1
2154,Nitro-Bid,1
407,BenzEFoam,1
810,Cutivate,1
1873,Marplan,1
2563,Pulmicort Turbuhaler,1
2543,Protonix IV,1
2297,Oxyfast,1
1189,Evista,1
2024,Monovisc,1
2145,Niferex,1
28,Acetaminophen / caffeine,1
2998,Thiopental,1
1102,Enskyce,1
1751,Lidocaine Viscous,1
1381,Glatopa,1
3240,Vincristine,1
2641,Requip XL,1
3050,Trandolapril / verapamil,1
2423,Pirbuterol,1
1860,Magnesium salicylate,1
2106,Navane,1
2126,Nevirapine,1
1686,Lamictal ODT,1
1510,Hypotears,1
2402,Phenytek,1
9,AbobotulinumtoxinA,1
539,Calcitonin,1
2059,Myfortic,1
3197,Vectical,1
2045,Mucomyst,1
3141,Umeclidinium,1
318,Avalide,1
3117,TussiCaps,1
1340,Gablofen,1
490,Brompheniramine,1
700,Cleocin HCl,1
924,Dextromethorphan / guaifenesin / phenylephrine,1
86,Adriamycin,1
104,Afrin Original,1
3009,Timolol,1
2324,Panitumumab,1
886,Depo-Testosterone,1
270,Ascomp with Codeine,1
259,Arixtra,1
1263,Firazyr,1
245,Aptensio XR,1
1371,Gildess 1 / 20,1
2517,Procrit,1
1334,Fuzeon,1
952,Difluprednate,1
3205,Venofer,1
3210,Verdeso,1
508,Bupivacaine,1
3021,Tobramycin,1
804,Crizotinib,1
135,Alka-Seltzer Plus Cold,1
852,Darunavir,1
2856,Stalevo,1
379,Basaglar,1
2642,Reserpine,1
3295,Xeljanz XR,1
2920,Systane Balance,1
442,Bicillin L-A,1
2842,Sotalol Hydrochloride AF,1
85,Adoxa,1
2072,Naftifine,1
326,Aveed,1
2659,Rhinocort,1
1635,Junel Fe 24,1
2317,Pamine,1
1949,Methylcellulose,1
3252,Vitamin B2,1
651,Chlorpheniramine / methscopolamine / pseudoephedrine,1
1925,Mestinon Timespan,1
1784,Locoid Lipocream,1
1796,Lopid,1
64,Acticlate,1
2520,Proctosol-HC,1
3041,Torsemide,1
83,Adenosine,1
1580,Intal Inhaler,1
2351,Pegloticase,1
2572,QNASL,1
1039,Duramorph,1
145,Allerx Dose Pack DF,1
846,Dapagliflozin / metformin,1
1797,Lopinavir / ritonavir,1
2209,Nystatin / triamcinolone,1
913,Dexchlorpheniramine,1
1577,Insulin lispro / insulin lispro protamine,1
412,Benzoic acid / salicylic acid,1
3351,Ziconotide,1
1568,Insulin aspart / insulin aspart protamine,1
948,Dificid,1
2222,Oleptro,1
1877,Maxair Autohaler,1
2255,Oramorph SR,1
3308,Xopenex HFA,1
2904,Sustiva,1
1886,Mebaral,1
1282,Florinef,1
2026,Monurol,1
2116,Neoral,1
2445,Polymyxin b / trimethoprim,1
2369,Pentothal,1
1817,Loteprednol / tobramycin,1
1870,Marezine,1
1693,Lanacane,1
509,Bupivacaine liposome,1
1702,Larin Fe 1 / 20,1
2103,Natpara,1
1574,Insulin isophane,1
3300,Xiaflex,1
778,Cordarone,1
3331,Zecuity,1
1913,Meperitab,1
266,Artemether / lumefantrine,1
2400,Phenylephrine / pramoxine,1
3091,Trimethobenzamide,1
356,Azo Urinary Pain Relief,1
2370,Pentoxifylline,1
1768,Lioresal Intrathecal,1
480,Brimonidine / brinzolamide,1
1245,Ferrous gluconate,1
380,Bayer Aspirin,1
908,Dexamethasone / neomycin / polymyxin b,1
1348,Ganciclovir,1
133,Aliskiren / hydrochlorothiazide,1
1522,Icatibant,1
3151,Uptravi,1
1865,Malathion,1
2825,Solaraze,1
1427,Halcinonide,1
366,Bacitracin / neomycin / polymyxin b,1
2546,Provenge,1
3149,Unithroid,1
2961,Tekturna HCT,1
2714,Rynatan,1
2095,Nasacort AQ,1
744,Cogentin,1
2331,Paregoric,1
874,Demeclocycline,1
3261,Vivarin,1
1206,Exubera,1
377,Banzel,1
592,Caverject,1
269,Asacol HD,1
495,Bronkaid,1
2362,Penlac Nail Lacquer,1
2057,Mycophenolic acid,1
1007,Doxorubicin,1
1605,Isocarboxazid,1
2195,NuLYTELY,1
3336,Zelboraf,1
3003,Tiagabine,1
78,Adcirca,1
2359,Penicillin g benzathine,1
1714,Lemtrada,1
2983,Tesamorelin,1
2844,Spectazole,1
1281,Florastor,1
1484,Hydrocodone / pseudoephedrine,1
1602,Iron polysaccharide,1
1110,Enzalutamide,1
648,Chlorpheniramine / hydrocodone / phenylephrine,1
853,Darvocet A500,1
472,Botulinum toxin type b,1
220,Anaprox,1
1559,"Influenza virus vaccine, inactivated",1
867,Degarelix,1
890,DesOwen,1
1117,Epidrin,1
2660,Rhinocort Aqua,1
1551,Incruse Ellipta,1
2657,Rezira,1
3267,Voltaren-XR,1
3144,Uniphyl,1
504,Bumetanide,1
580,Cardura,1
2519,Proctofoam HC,1
1690,Lamivudine,1
1562,Ingenol,1
1608,Isosorbide dinitrate,1
3276,WP Thyroid,1
2515,Procardia XL,1
1068,Elestat,1
2648,Retin A Micro,1
2733,Salsalate,1
2577,Qudexy XR,1
473,Boudreaux Butt Paste,1
798,Cranberry,1
6,Abilify Discmelt,1
1561,Infumorph,1
2461,Pramosone,1
1471,Hydrea,1
1697,Lanthanum carbonate,1
110,Alamast,1
228,Ansaid,1
327,Aveeno,1
1353,GaviLyte-C,1
1363,GenTeal,1
2786,Siliq,1
3158,Uristat,1
3289,Xalkori,1
2119,Nesina,1
1274,Fleet Glycerin Suppositories Adult,1
3045,Tracleer,1
3199,Velcade,1
2377,Percodan,1
636,Chloramphenicol,1
2913,Synalar,1
717,Cloderm,1
2029,Motofen,1
3258,Vitapap,1
1014,Dramamine Less Drowsy,1
2711,Ruconest,1
735,Cobicistat / darunavir,1
942,Dicloxacillin,1
635,Chlorambucil,1
1078,Eltrombopag,1
1975,Miconazole / zinc oxide,1
2680,Ritalin-SR,1
1099,Enfuvirtide,1
903,Desyrel Dividose,1
2468,Praziquantel,1
705,Clindamax,1
748,Colchicine / probenecid,1
1204,Exparel,1
225,Anexsia,1
865,Declomycin,1
2767,Senna Lax,1
1611,Isoxsuprine,1
304,Atropine / difenoxin,1
2395,Phentercot,1
1907,Menest,1
2127,Nexafed Nasal Decongestant,1
2887,Sulfacetamide sodium,1
2690,Robitussin CoughGels Long-Acting,1
3407,femhrt,1
2627,Relenza,1
1502,HyoMax SL,1
2764,Semprex-D,1
998,Doral,1
982,Divigel,1
317,Auryxia,1
2170,Norditropin,1
2305,PEG3350,1
468,Bosentan,1
1351,Gastrocrom,1
496,Brovana,1
252,Arformoterol,1
3106,Tropicamide,1
2003,Mirapex ER,1
1868,Maraviroc,1
2148,Nilstat,1
3027,Tolak,1
3164,Uta,1
2304,PEG-3350 with Electolytes,1
3242,Viramune,1
3404,ZzzQuil,1
13,Absorica,1
157,Alpha 1-proteinase inhibitor,1
1458,Humate-P,1
3285,Westhroid,1
579,Cardizem LA,1
1962,MetroCream,1
3000,Thiothixene,1
860,Daypro,1
2174,Norfloxacin,1
2611,Readi-Cat 2,1
869,Delatestryl,1
232,Antipyrine / benzocaine,1
1691,Lamivudine / zidovudine,1
450,Bisacodyl / polyethylene glycol 3350 / potassium chloride / sodium bicarbonate / sodium chloride,1
2417,Pimtrea,1
2550,Provida DHA,1
3212,Verelan PM,1
598,Cefditoren,1
619,Cesamet,1
1332,Fulvestrant,1
517,Busulfan,1
1388,Glipizide / metformin,1
1129,Epzicom,1
1463,Humulin R U-500 (Concentrated),1
1866,Mandelamine,1
2247,Opcicon One-Step,1
1914,Mephobarbital,1
513,Buproban,1
2162,Nizoral,1
2757,Sectral,1
214,Ampicillin / sulbactam,1
2405,Phillips Colon Health,1
809,Cutar,1
2891,Sulfatrim,1
1985,Midol PM,1
2330,Parathyroid hormone,1
475,Brethine,1
2756,Seconal Sodium,1
2588,R-Tanna,1
2013,Moexipril,1
1756,Limbitrol,1
2311,Palgic,1
1968,Mexitil,1
2771,Senokot S,1
3073,Tri-Lo-Marzia,1
2171,Norel SR,1
3388,Zurampic,1
357,Azo-Cranberry,1
683,Citrate of Magnesia,1
384,Beconase AQ,1
603,Ceftibuten,1
2994,Theo-24,1
315,Augmentin XR,1
2435,Pletal,1
1184,Eurax,1
2043,Mucinex Maximum Strength,1
2931,Talacen,1
1420,Guarana,1
2554,Prozac Weekly,1
341,Ayr Saline Nasal,1
576,Carboplatin,1
545,Calcium carbonate / simethicone,1
2976,Terazol 7,1
2191,NovoLog Mix 70 / 30,1
2512,Probenecid,1
97,Afatinib,1
255,Aricept ODT,1
2811,Sleep Aid,1
2064,Myorisan,1
2183,Norpramin,1
2328,Parafon Forte DSC,1
154,Aloprim,1
1416,Guaifenesin / hydrocodone,1
1283,Florinef Acetate,1
2541,Proscar,1
294,Atelvia,1
571,Carbamide peroxide,1
20,Acebutolol,1
3324,Zanamivir,1
2513,Probenecid and Colchicine,1
360,Azulfidine,1
343,Azasan,1
2350,Peginterferon beta-1a,1
1910,Menthol / zinc oxide,1
1583,Interferon alfa-2b,1
3029,Tolnaftate,1
662,Chondroitin / glucosamine / methylsulfonylmethane,1
550,Camphor / menthol,1
2610,Readi-Cat,1
239,Apokyn,1
3063,Trental,1
1433,Halog,1
2165,Nizoral Topical,1
682,CitraNatal Assure,1
67,Activella,1
2042,Mucinex Fast-Max Severe Congestion & Cough,1
3183,Vandazole,1
3321,Zafirlukast,1
1019,Droperidol,1
581,Cardura XL,1
1255,Filgrastim,1
434,Bexarotene,1
3333,Zegerid OTC,1
1642,Kava,1
2434,Plendil,1
195,Amitriptyline / perphenazine,1
787,Cortef,1
189,Amiloride,1
2500,Primlev,1
1489,Hydrocortone,1
734,Coartem,1
368,Bacitracin / polymyxin b,1
1091,Emtricitabine / rilpivirine / tenofovir alafenamide,1
626,Chaparral,1
1422,H.P. Acthar Gel,1
1423,HC-Derma-Pax,1
258,Aristocort,1
1540,Immune globulin intravenous and subcutaneous,1
2130,Nexium 24HR,1
1456,Humalog Mix 75 / 25,1
914,Dexchlorpheniramine / dextromethorphan / pseudoephedrine,1
1372,Gildess 1.5 / 30,1
826,Cytotec,1
2763,Selzentry,1
3201,Velphoro,1
1269,Flavoxate,1
2167,Nolvadex,1
1996,Minivelle,1
1358,Gelusil,1
2224,Olodaterol,1
3256,Vitamin D3,1
1478,Hydrochlorothiazide / spironolactone,1
329,Aventyl Hydrochloride,1
1113,Ephedrine,1
1247,Ferumoxytol,1
279,Aspirin / caffeine,1
1100,Enjuvia,1
3097,Triptorelin,1
1588,Introvale,1
3262,Vivelle,1
467,Bortezomib,1
3061,Trelstar,1
630,Children's Claritin Allergy,1
2329,Paraplatin,1
2665,Ridaura,1
1034,DuoNeb,1
2822,Sodium polystyrene sulfonate,1
752,Collagenase clostridium histolyticum,1
2872,Striverdi Respimat,1
1630,Juleber,1
769,Conestat alfa,1
1313,Folic acid,1
3058,Travoprost,1
447,Biotene Mouthwash,1
949,Diflorasone,1
2111,Necon 7 / 7 / 7,1
690,Clarinex,1
1386,GlipiZIDE XL,1
2742,Sarna Sensitive,1
2378,Perforomist,1
791,Cortizone-10,1
1757,Limbitrol DS,1
2386,Pexeva,1
1527,Ilevro,1
2929,Tagamet,1
697,ClearLax,1
660,Cholestyramine Light,1
46,Acetaminophen / pentazocine,1
979,Ditropan XL,1
2031,Motrin IB,1
1073,Elimite,1
968,Diphenhydramine / hydrocortisone,1
2966,Temovate,1
2726,Salicylic acid / sulfur,1
248,Aquoral,1
2993,Tev-Tropin,1
518,Butabarbital,1
1993,Miltown,1
1991,Milk thistle,1
510,Buprenex,1
320,Avandamet,1
2969,Tenex,1
1373,Gildess 24 Fe,1
2230,Omacor,1
863,Debrox,1
499,Buckleys Mixture,1
1125,Eplerenone,1
1391,Glucosamine,1
521,Butoconazole,1
1909,Menthol,1
595,Cedax,1
1398,Glyburide / metformin,1
1916,Mepivacaine,1
2229,Olysio,1
2488,Prevalite,1
1338,Gabarone,1
1145,Eskalith-CR,1
992,Dolobid,1
1486,Hydrocortisone / lidocaine,1
1392,Glucose,1
3286,WinRho SDF,1
486,Brodalumab,1
168,Altoprev,1
963,Dinoprostone,1
2607,Rayos,1
2885,Sudafed PE Severe Cold,1
1211,Fabior,1
2244,Onzetra Xsail,1
2149,Nimodipine,1
3028,Tolmetin,1
1347,Gamunex,1
151,Aloe vera / hydrocortisone / iodoquinol,1
701,Cleocin Ovules,1
850,Darbepoetin alfa,1
631,Children's Motrin,1
2455,Povidone iodine,1
316,Auranofin,1
1104,Entacapone,1
2259,Ornex,1
271,Ascorbic acid,1
1181,Etravirine,1
2101,Natelle One,1
1453,Horse chestnut,1
2071,Nafarelin,1
3340,Zenchent,1
2619,Red yeast rice,1
3007,Tiger Balm,1
3083,Triavil,1
3320,Zaditor,1
184,Amethia Lo,1
2192,Novolin 70 / 30,1
1933,Metformin / rosiglitazone,1
1074,Elinest,1
2801,Sinemet CR,1
1687,Lamictal XR,1
3381,Zosyn,1
1593,Invega Trinza,1
758,Combivir,1
375,Balsam peru / castor oil / trypsin,1
575,Carbinoxamine,1
176,AmLactin,1
138,Allantoin / camphor / phenol,1
2924,Taclonex Scalp,1
2441,Polidocanol,1
546,Calmoseptine,1
118,Alcortin A,1
961,Dimetapp Children's Cold & Cough,1
2716,Rythmol,1
1088,Empagliflozin / metformin,1
249,Aranesp,1
1339,Gabitril,1
2380,Peridex,1
296,Atenolol / chlorthalidone,1
1667,Kybella,1
3377,Zostavax,1
2271,Orudis KT,1
2289,Oxiconazole,1
2163,Nizoral A-D,1
3230,Victrelis,1
1572,Insulin glulisine,1
213,Ampicillin,1
2332,Paremyd,1
2063,Myobloc,1
2912,Symmetrel,1
206,Amoxapine,1
2354,Pemirolast,1
1669,Kytril,1
2471,Prednicarbate,1
2814,Slow Fe,1
462,Boceprevir,1
425,Besifloxacin,1
173,Alupent,1
3160,Urso,1
1523,Iclusig,1
2182,Norpace CR,1
3211,Verelan,1
2478,Pregnyl,1
2212,Oasis Tears,1
1671,L-Methylfolate Calcium,1
2494,Prialt,1
2062,Myleran,1
338,Axid AR,1
2470,PreNexa,1
2082,Namenda XR,1
3006,Tigan,1
1978,Microgestin 1.5 / 30,1
2612,Rebetol,1
2873,Stromectol,1
505,Bumex,1
910,Dexamethasone Intensol,1
763,Compoz Nighttime Sleep Aid,1
1771,Lipofen,1
3359,Zirgan,1
488,Bromfenac,1
1164,Estropipate,1
2910,Symlin,1
152,Alogliptin,1
2669,Rilonacept,1
1441,Heme iron polypeptide,1
1966,Mevacor,1
2867,Stivarga,1
2480,Premarin Vaginal,1
1548,Inapsine,1
38,Acetaminophen / dextromethorphan / phenylephrine,1
622,Cetirizine / pseudoephedrine,1
932,Diastat,1
1507,Hyoscyamine / methenamine / methylene blue / sodium biphosphate,1
530,Caduet,1
1346,Gammagard,1
2282,Ovide,1
1130,Equetro,1
2219,Ogen,1
2078,Naloxone / oxycodone,1
1396,Glutamine,1
1827,Ludiomil,1
314,Augmentin ES-600,1
426,Besivance,1
17,Accolate,1
231,Antihemophilic factor / von willebrand factor,1
70,Actonel with Calcium,1
2807,Skeeter Stik,1
1659,Kineret,1
310,Attapulgite,1
102,Afrin 4 Hour Extra Moisturizing,1
119,Aldactazide,1
2504,Privigen,1
2306,PR Natal 400,1
103,Afrin NoDrip Sinus,1
1590,Inulin,1
149,Alocril,1
2301,Oxytocin,1
1595,Iohexol,1
1829,Luminal,1
1564,Innohep,1
2190,NovoLog FlexPen,1
2724,Saizen,1
1552,Indapamide,1
144,Aller-Ease,1
784,Coricidin HBP Cough & Cold,1
544,Calcium carbonate / risedronate,1
3179,Vanatrip,1
3193,Vasculera,1
418,Benzoyl peroxide / salicylic acid,1
3277,Wal-finate,1
1366,Gengraf,1
122,Aldomet,1
2939,Tandem,1
936,Diazoxide,1
1449,Histrelin,1
2991,Tetrahydrozoline,1
983,Doans Pills Extra Strength,1
1192,Ex-Lax Maximum Relief Formula,1
1093,EnLyte,1
1875,Mavyret,1
2321,Pancreaze,1
844,Dantrolene,1
2815,Smoothie Readi-Cat 2,1
2073,Naftin,1
830,D3,1
3304,Xodol,1
1598,Ipratropium Inhalation Solution,1
2593,RadiaPlexRx,1
2345,Pedipirox-4,1
1707,Latisse,1
1501,HyoMax,1
385,Bee pollen,1
1529,Iluvien,1
3255,Vitamin D2,1
1382,Glecaprevir / pibrentasvir,1
1645,Kemadrin,1
2651,Retre-Gel,1
1275,Fletchers Castoria,1
2564,Purinethol,1
1869,Marcaine,1
1233,Femtrace,1
585,Carmol 20,1
3400,Zyrtec-D,1
1874,Mavik,1
3115,Tums Smoothies,1
3245,VisRx Dose Pack,1
1981,Midamor,1
2930,Take Action,1
859,Dasetta 7 / 7 / 7,1
520,Butisol Sodium,1
1660,Kionex,1
3057,Travel-Eze,1
1470,Hydralazine / isosorbide dinitrate,1
2869,Streptokinase,1
1763,Lincocin,1
1052,Ed A-Hist,1
324,Avar LS Cleanser,1
743,Coenzyme Q10,1
2307,Pacerone,1
1889,Medi-Quik Spray,1
799,Creatine,1
926,Dextromethorphan / phenylephrine / pyrilamine,1
2454,Potassium iodide,1
2773,Sensorcaine-MPF,1
3172,Valganciclovir,1
3156,Urised,1
3034,Topicort LP,1
2407,PhosLo,1
2125,Nevanac,1
2254,Orajel,1
843,Danocrine,1
2672,Riociguat,1
2214,Octagam,1
541,Calcium / vitamin d,1
3223,Vicks Sinex 12-Hour Decongestant Nasal Spray,1
2579,Questran Light,1
45,Acetaminophen / pamabrom / pyrilamine,1
3338,Zemaira,1
1198,Excedrin Tension Headache,1
31,Acetaminophen / caffeine / magnesium salicylate,1
36,Acetaminophen / dexbrompheniramine / pseudoephedrine,1
169,Altretamine,1
698,Clemastine,1
1986,Midostaurin,1
2545,Protriptyline,1
2373,Peppermint,1
3196,Vectibix,1
2344,Pedi-Dri,1
2121,Neupogen,1
2529,Proleukin,1
974,Diprolene AF,1
3352,Zileuton,1
123,Alefacept,1
582,Carfilzomib,1
1288,FluMist Quadrivalent,1
3133,Ulesfia,1
1205,Extina,1
1791,Lomaira,1
16,Acarbose,1
230,Antihemophilic factor,1
1904,Melquin HP,1
2136,Niacinamide,1
73,Acyclovir / hydrocortisone,1
2372,Pepcid AC Chewable Tablets,1
1240,Feraheme,1
185,Amethyst,1
363,BC Fast Pain Relief,1
729,Co-trimoxazole,1
1291,Fludarabine,1
3060,Treanda,1
2691,Rocaltrol,1
893,Desloratadine / pseudoephedrine,1
980,Diurex Water Capsules,1
1984,Midol Extended Relief,1
667,Ciclodan,1
1876,Maxair,1
911,Dexasone,1
1838,Luxiq,1
2436,Plexion Cleanser,1
1243,Ferrlecit,1
2769,Senna S,1
1844,M-End PE,1
1169,Ethchlorvynol,1
1315,Folotyn,1
186,Amevive,1
2088,Naproxen / pseudoephedrine,1
2791,Simbrinza,1
2765,Senexon,1
2097,Nasarel,1
2061,Mylanta Gas,1
430,Betapace AF,1
1445,Hexachlorophene,1
933,Diastat AcuDial,1
2228,Olux-E,1
2996,TheraTears,1
2697,Romidepsin,1
388,Belladonna,1
2446,Polysporin First Aid Antibiotic Ointment,1
1213,Fallback Solo,1
3380,Zostrix Diabetic Foot Pain,1
2314,Palonosetron,1
2689,Robitussin Cough + Chest Congestion DM,1
2557,Psorcon,1
906,Devrom,1
2467,Prax,1
567,Capzasin-P,1
1695,Lanoxicaps,1
365,Bacitracin,1
1674,LMX 5,1
2884,Sudafed PE Pressure + Pain,1
236,Anusol-HC Suppositories,1
355,Azmacort,1
2625,Regorafenib,1
848,Daptomycin,1
1636,Juvederm Voluma XC,1
3095,Triple Paste,1
2291,Oxtellar XR,1
3397,Zyprexa Intramuscular,1
3250,Vitafol-OB+DHA,1
1326,Fosinopril,1
560,Capex,1
2622,Refresh PM,1
1581,Integra,1
2569,Pyridoxine,1
834,Dabrafenib,1
1272,Fleet Bisacodyl,1
1566,Insta-Glucose,1
409,Benzalkonium chloride / lidocaine,1
1703,Larissia,1
3347,Zetran,1
1400,Glyset,1
658,Cholecalciferol / folic acid,1
1722,Leustatin,1
1675,Labetalol,1
1526,Ifosfamide,1
881,Depakote Sprinkles,1
3330,Zeasorb-AF Drying Gel,1
364,BP Wash,1
1220,Fansidar,1
1293,Flunisolide,1
1804,Loratadine-D 24 Hour,1
141,Allegra ODT,1
22,Acetaminophen / aspirin,1
866,Deconamine,1
3048,Trametinib,1
1469,Hydralazine / hydrochlorothiazide / reserpine,1
2450,Ponatinib,1
2857,Stalevo 150,1
1298,Fluoroplex,1
2812,Slippery elm,1
2606,Rayaldee,1
2472,Prednicot,1
2211,OB Complete Gold,1
3191,Varubi,1
2751,Scytera,1
2589,RID,1
396,Benadryl Allergy Sinus,1
427,Betadine Aerosol Spray,1
759,Cometriq,1
2968,Temsirolimus,1
1155,Estraderm,1
2252,Optivar,1
1410,Gramicidin / neomycin / polymyxin b,1
2525,Proglycem,1
94,Advil Migraine,1
987,Doculax,1
854,Darvocet-N 50,1
240,Apomorphine,1
2181,Norpace,1
3100,Trixaicin HP,1
2273,Orvaten,1
2401,Phenylephrine / pyrilamine,1
3239,Vincasar PFS,1
2384,Pernox,1
2346,Peganone,1
1614,Istodax,1
1367,Gentian violet,1
1853,Macugen,1
1365,Generlac,1
1987,Mifepristone,1
3356,Zioptan,1
3178,Vanatab DX,1
2474,Prednisolone / sulfacetamide sodium,1
2418,Pin-X,1
54,Acetic acid / antipyrine / benzocaine / polycosanol,1
1525,Ifex,1
2180,Noroxin,1
1944,Methitest,1
2313,Palladone,1
2644,Resorcinol / sulfur,1
2382,Periogard,1
3379,Zostrix,1
3024,Todays Health Nasal  Relief Extra Moisturizing,1
2410,Phrenilin,1
337,Axid,1
1607,Isoptin SR,1
3219,Vicks Dayquil Cold & Flu Relief,1
1514,Hyzine,1
3181,Vancocin HCl,1
711,Clioquinol,1
691,Clarinex-D 12 Hour,1
1081,Embeline,1
2527,Prolastin-C,1
153,Alogliptin / metformin,1
1236,Fenoprofen,1
811,Cuvitru,1
3254,Vitamin C,1
159,Alphanine SD,1
3054,Tranxene SD,1
136,Alka-Seltzer Plus Cold Formula Sparkling Original Effervescent Tablets,1
3249,Vitafol Ultra,1
3143,Unasyn,1
1684,Lagesic,1
629,Cheratussin DAC,1
3101,Trizivir,1
731,Coagulation factor ix,1
897,Desonate,1
1344,Gadoxetate disodium,1
323,Avar,1
712,Clioquinol / hydrocortisone,1
134,Alka-Seltzer Cold and Sinus,1
1808,Lorcet,1
1493,Hydroxocobalamin,1
1800,Lorabid,1
247,Aquavite-E,1
862,Dazidox,1
1621,Jantoven,1
2283,Ovidrel,1
3145,Uniretic,1
2292,Oxy-10,1
2178,Norlyda,1
1138,Ery Pads,1
1587,Intron A,1
2628,ReliOn / Novolin 70 / 30,1
1906,Menactra,1
2594,Rajani,1
858,Dasetta 1 / 35,1
594,Caziant,1
1519,Ibudone,1
2881,Sudafed 12-Hour,1
3103,Trokendi XR,1
437,BiDil,1
3011,Timoptic Ocudose,1
3253,Vitamin B6,1
620,Cetaphil Lotion,1
740,Codeine / guaifenesin / pseudoephedrine,1
984,Doc-Q-Lax,1
1314,Follicle stimulating hormone,1
1124,Epivir-HBV,1
1168,Ethambutol,1
1328,Fostex Medicated,1
1799,Loprox,1
1160,Estrasorb,1
753,Colyte,1
2608,Razadyne ER,1
3353,Zinc gluconate,1
1884,Maxitrol,1
1862,Magnevist,1
638,Chlorcyclizine / phenylephrine,1
3299,Xgeva,1
3244,Virtussin A / C,1
3123,Tylenol Arthritis Pain,1
3270,Vospire ER,1
2999,Thioridazine,1
2552,Provocholine,1
2303,Ozurdex,1
2562,Pulmicort Respules,1
2414,Pima,1
2108,Necitumumab,1
2486,Prevacid OTC,1
2319,PanOxyl 10% Acne Foaming Wash,1
2193,Novolin N,1
2620,Reese's Pinworm Medicine,1
3171,Valerian,1
975,Diprosone,1
3393,Zyloprim,1
537,Calcifediol,1
1643,Kazano,1
2153,Nisoldipine,1
615,Cerefolin NAC,1
1167,Ethacrynic acid,1
373,Bag Balm,1
1850,Macitentan,1
1446,Hexalen,1
2040,Mucinex DM Maximum Strength,1
2762,Selsun Blue,1
552,Camptosar,1
2880,Sucroferric oxyhydroxide,1
1323,Fortical,1
999,Dornase alfa,1
1508,Hyosyne,1
3150,Univasc,1
3169,Valcyte,1
1681,Lactic acid,1
802,Crinone,1
3114,Tums Regular Strength,1
2448,Pomalidomide,1
2643,Reslizumab,1
1437,Headache Relief PM,1
2102,Natesto,1
2570,Pyrimethamine,1
613,Cepacol Dual Relief Sore Throat,1
1379,Ginseng,1
563,Capsin,1
3110,Trusopt,1
889,Dermatop,1
3105,Tronolane Anesthetic for Hemorrhoids,1
2217,Odefsey,1
367,Bacitracin / neomycin / polymyxin b / pramoxine,1
2457,Pralatrexate,1
565,Capzasin,1
1855,Magnacet,1
419,Benzoyl peroxide / sulfur,1
1792,Lomedia 24 Fe,1
3,Abacavir / lamivudine / zidovudine,1
2315,Pamabrom,1
2364,Pennyroyal,1
2661,Rho (d) immune globulin,1
55,Acetohydroxamic acid,1
3185,Vanquish,1
3032,Topical Anesthetic Dental Gel,1
2164,Nizoral Shampoo,1
2816,Sodium bicarbonate,1
1447,Hi-Vegi-Lip,1
1049,Ecallantide,1
817,Cyclopentolate,1
2367,Pentobarbital,1
1579,Intal,1
2361,Penlac,1
390,Belladonna Tincture,1
1161,Estratest,1
2286,Oxaydo,1
497,BroveX PEB DM,1
188,Amikin,1
685,Citric acid / potassium citrate,1
95,Advil PM,1
3153,Urecholine,1
766,Concept DHA,1
1139,Ery-Tab,1
972,Diphenidol,1
187,Amikacin,1
1385,Glimepiride / pioglitazone,1
2421,Piperacillin / tazobactam,1
2911,SymlinPen 60,1
2041,Mucinex Fast-Max Night Time Cold & Flu,1
557,Canasa Pac,1
3334,Zejula,1
47,Acetaminophen / phenylephrine,1
687,Cladribine,1
2894,Sulfur,1
2424,Pirmella 1 / 35,1
293,Atazanavir,1
2177,Norinyl 1+35,1
3066,Tretin-X,1
2658,Rheumatrex Dose Pack,1
2750,Scullcap,1
1440,Hemax,1
1046,Dynacin,1
3035,Topiragen,1
2502,Prinzide,1
2433,Plegridy,1
3214,Vesanoid,1
1320,Fortamet,1
2914,Synarel,1
32,Acetaminophen / caffeine / pyrilamine,1
2997,TheraTears Nutrition,1
2571,Pyrimethamine / sulfadoxine,1
1801,Loracarbef,1
2946,Targretin,1
1377,Gilotrif,1
18,Accupril,1
3147,Unisom SleepMelts,1
156,Aloxi,1
920,Dexpanthenol,1
2826,Solarcaine Burn Relief,1
2779,Sertaconazole,1
1882,Maxidone,1
1846,MCT,1
1494,Hydroxyamphetamine / tropicamide,1
137,All Day Allergy,1
2203,Nutraplus,1
1210,FML Forte Liquifilm,1
929,Dextrostat,1
2299,Oxymetholone,1
1759,Limbrel 500,1
2196,NuOx,1
108,AirDuo Respiclick,1
616,Cerezyme,1
1676,Lac-Hydrin,1
2605,Raspberry,1
1847,MG217 Medicated Tar,1
264,Arsenic trioxide,1
773,Constulose,1
2155,Nitro-Dur,1
190,Amino acids,1
2151,Niraparib,1
1701,Larin 24 Fe,1
1343,Gadopentetate dimeglumine,1
1267,Flagyl IV,1
3312,Xylocaine Jelly,1
2476,Prefrin,1
1652,Ketalar,1
3395,Zymine,1
938,Dichlorphenamide,1
726,Clove,1
2487,Prevacid SoluTab,1
2278,Osteo Bi-Flex,1
362,B3-500-Gr,1
1613,Istalol,1
3049,Trandolapril,1
3004,Tiazac,1
561,Capmist DM,1
2493,Prezista,1
2584,Quinidine,1
469,Bosulif,1
1378,Ginkgo,1
2886,Sular,1
733,Coal tar / salicylic acid / sulfur,1
1197,Excedrin Sinus Headache,1
964,Diosmiplex,1
839,Dallergy,1
2922,T-Diet,1
2449,Pomalyst,1
1901,Mellaril,1
2827,Solarcaine First Aid Medicated Spray,1
2666,Rifadin,1
92,Advil Cold and Sinus Liqui-Gels,1
3283,Wera,1
3010,Timoptic,1
3350,Zicam Extreme Congestion Relief,1
2859,Stavzor,1
2506,Pro-Den Rx,1
2820,Sodium hypochlorite,1
642,Chlorothiazide,1
1845,M-Zole 3,1
2023,Monopril,1
596,Cefazolin,1
2581,Quibron-T,1
2510,ProCentra,1
3118,Tussigon,1
529,Cabozantinib,1
3284,Westcort,1
2558,Psorcon E,1
309,Atrovent Nasal,1
785,Corn Huskers Lotion,1
251,Arcalyst,1
1915,Mephyton,1
89,Advate,1
2117,Neostigmine,1
1015,Drixoral Cold / Flu,1
1341,Gadavist,1
1151,Esterified estrogens,1
2093,Naropin Polyamp,1
1462,Humulin N,1
111,Alavert,1
2710,Rozex,1
751,Collagenase,1
2743,Savaysa,1
1459,Humatin,1
1503,HyoMax SR,1
3194,Vasodilan,1
1500,Hylira,1
1,A / B Otic,1
1268,Flanax Pain Reliever,1
958,Dilt-XR,1
300,Atovaquone,1
2442,Polocaine,1
1881,Maxichlor PSE DM,1
285,Aspirin / diphenhydramine,1
849,Daraprim,1
788,Cortenema,1
417,Benzoyl peroxide / hydrocortisone,1
1421,Gynazole-1,1
2698,Romiplostim,1
1031,Dulcolax Stool Softener,1
2158,Nitrolingual Pumpspray,1
1476,Hydrochlorothiazide / moexipril,1
1035,Duoplant,1
3102,Trocaine,1
632,Chlophedianol / guaifenesin / pseudoephedrine,1
2799,Sine-Off Maximum Strength,1
2150,Nimotop,1
3186,Vanspar,1
158,Alphagan P,1
2858,Stalevo 200,1
2609,Rea Lo 40,1
1310,Fluzone,1
1111,Eovist,1
105,Afrin Sinus,1
2708,Royal jelly,1
273,Asendin,1
2238,Omnitrope,1
82,Adempas,1
1919,Mepron,1
0,A + D Cracked Skin Relief,1
2729,SalivaMAX,1
1242,Ferric citrate,1
1327,Fosrenol,1
2272,Oruvail,1
1849,MVI Adult,1
150,Aloe vera,1
776,Copegus,1
3157,Urispas,1
674,Cinryze,1
2393,Phenohytro,1
806,Crotamiton,1
2113,Neevo DHA,1
1823,Low-Ogestrel-21,1
1729,Levo-T,1
1857,Magnesium gluconate,1
332,Avita,1
2419,Pindolol,1
2188,Norvir,1
1466,Hyaluronidase,1
485,Briviact,1
704,Clindagel,1
2320,Pancreatin,1
2075,Nalfon,1
1883,Maxifed DM,1
2251,Opsumit,1
163,Alrex,1
484,Brivaracetam,1
3341,Zenpep,1
1638,Kaletra,1
1670,L-Carnitine,1
1716,Lesinurad,1
456,Blephamide,1
600,Cefotaxime,1
2353,Pemetrexed,1
53,Acetic acid,1
3188,Vaprisol,1
2688,Robitussin Cold Cough and Flu,1
262,Arnuity Ellipta,1
2398,Phentride,1
2696,Rolapitant,1
534,Calamine,1
2948,Tarka,1
1203,Exforge HCT,1
996,Dong quai,1
3335,Zelapar,1
399,Bendroflumethiazide / nadolol,1
1625,Jencycla,1
710,Clinpro 5000,1
1976,Micrainin,1
3040,Torisel,1
970,Diphenhydramine / phenylephrine,1
686,Citric acid / simethicone / sodium bicarbonate,1
3094,Triple Antibiotic,1
308,Atrovent HFA,1
1434,Halog-E,1
542,Calcium acetate,1
1899,Mekinist,1
1286,Floxin,1
482,Brinzolamide,1
1664,KneeRelief,1
2901,Supprelin LA,1
422,Benzyl alcohol,1
2971,Tenoretic 50,1
2408,Phosphasal,1
2207,Nuwiq,1
1223,Fast Freeze,1
1887,Mebendazole,1
3072,Tri-Lo-Estarylla,1
2730,Salivart,1
679,Cisplatin,1
3062,Trelstar LA,1
2621,Refresh Liquigel,1
12,Absorbine Jr.,1
2528,Prolensa,1
2481,Premphase,1
2755,Seconal,1
2670,Rilutek,1
1425,"Hair, Skin & Nails",1
2323,Panhematin,1
1749,Lidocaine / menthol,1
2813,Slo-Niacin,1
1098,Enemeez Mini,1
2438,Pneumococcal 23-polyvalent vaccine,1
1430,Haldol Decanoate,1
919,Dexpak Taperpak,1
117,Alclometasone,1
401,Benemid,1
1342,Gadobutrol,1
1922,Meropenem,1
1710,Leader Nicotine Polacrilex,1
381,Bayer Children's Aspirin,1
1957,Methyltestosterone,1
2009,Mitoxantrone,1
1973,Micon 7,1
2893,Sulfinpyrazone,1
3022,Tobrex,1
1533,Imiglucerase,1
808,Cubicin,1
2896,Sumadan,1
2205,Nuvessa,1
1439,Hecoria,1
2060,Mylanta,1
1515,IBU,1
2034,Moxeza,1
284,Aspirin / chlorpheniramine / phenylephrine,1
2739,Sansert,1
2280,Otrexup,1
2864,Sterapred DS,1
1582,Integra F,1
3259,Vivactil,1
1443,Hepatitis b adult vaccine,1
2586,Qutenza,1
455,Bivalirudin,1
2870,Striant,1
2142,Nicotrol NS,1
2281,Ovace Plus,1
2051,Mumps virus vaccine,1
2388,Phendiet,1
793,Cosamin DS,1
1612,Isradipine,1
1123,Epivir,1
1280,Flonase Allergy Relief,1
1694,Lanolin,1
2379,Peri-Colace,1
3180,Vancocin,1
2044,Mucinex Sinus-Max Full Force,1
1395,Glumetza,1
1464,Hyalgan,1
130,Alimta,1
770,Conivaptan,1
828,Cytra-K,1
1565,Inspra,1
1442,Hemin,1
3329,Zaroxolyn,1
1903,Melpaque HP,1
790,Cortisone,1
2656,Reyataz,1
868,Dehydroepiandrosterone,1
2989,Tetracaine,1
2492,Prezcobix,1
2634,Remodulin,1
3096,Triprolidine,1
2422,Piperonyl butoxide / pyrethrins,1
1936,Methacholine,1
3405,depo-subQ provera 104,1
1244,Ferrous fumarate,1
2179,Normodyne,1
547,CaloMist,1
1772,Liquid Co-Q10,1
1778,Lithostat,1
971,Diphenhydramine / pseudoephedrine,1
1431,HalfLytely and Bisacodyl,1
491,Brompheniramine / codeine / phenylephrine,1
2411,Phytonadione,1
1764,Lincomycin,1
2497,Primatene,1
1880,Maxaron Forte,1
2430,Platinol,1
1128,Epoprostenol,1
234,Anturol,1
1241,Ferralet 90,1
1545,Imotil,1
2357,Penicillamine,1
1405,Gonal-f,1
1890,Medium chain triglycerides,1
820,Cyklokapron,1
1127,Epogen,1
3195,Vasotec,1
2942,Tapazole,1
2014,Molindone,1
2440,Podophyllum resin,1
461,Blistex Lip Balm,1
3161,Urso Forte,1
3355,Zinc sulfate,1
2290,Oxistat,1
841,Damiana,1
2915,Synjardy,1
2511,ProFe,1
764,Compro,1
2650,Retisert,1
2614,Rebif Rebidose,1
1790,Loestrin Fe 1.5 / 30,1
2940,Tandem DHA,1
1787,Loestrin 21 1.5 / 30,1
1794,Lonox,1
1959,Metolazone,1
1394,Glucovance,1
61,Acrivastine / pseudoephedrine,1
2413,Pilocarpine,1
164,Alsuma,1
2532,Promacta,1
1969,Miacalcin,1
1601,Irinotecan,1
2131,Nexium IV,1
2734,Salvax Duo,1
2635,Renagel,1
460,Blistex,1
2447,Polytrim,1
673,Cinqair,1
2945,Targiniq ER,1
2768,Senna Plus,1
792,Corzide 80 / 5,1
2727,Salicylic acid / urea,1
1109,Enulose,1
1550,IncobotulinumtoxinA,1
1709,Lazanda,1
1908,Meningococcal group B vaccine,1
128,Aleve-D Sinus & Cold,1
742,Codimal DM,1
405,Bensal HP,1
1290,Fludara,1
3401,Zyrtec-D 12 Hour,1
477,Briellyn,1
3220,Vicks Formula 44,1
2591,"Rabies vaccine, human diploid cell",1
1250,Feverall,1
2700,Ropivacaine,1
444,Biltricide,1
2748,Schiff Move Free,1
1403,Goldenseal,1
3246,Visine Original,1
3222,Vicks QlearQuil Nighttime Allergy Relief,1
1407,Goody's Headache Powders,1
1673,LMX 4,1
832,DDAVP Nasal,1
3014,Tinzaparin,1
2112,Nedocromil,1
1731,Levodopa,1
2927,Tafinlar,1
1133,Ergomar,1
1195,Excedrin Back & Body,1
612,Cenestin,1
109,Ala-Quin,1
2237,Omnipaque 350,1
3268,Vontrol,1
1616,Ivabradine,1
2115,Neo-Poly-Dex,1
400,BeneFix,1
2010,Moban,1
197,Amlodipine / atorvastatin,1
235,Anucort-HC,1
745,Colace,1
887,DermaZinc Shampoo,1
1755,Lillow,1
1854,Magaldrate / simethicone,1
1929,Metaproterenol,1
2404,Philith,1
1412,Grifulvin V,1
10092,Birth Control,2
10189,Depression,2
10520,Pain,2
10052,Anxiety,2
10007,Acne,2
10091,Bipolar Disorde,2
10368,Insomnia,2
10765,Weight Loss,2
10489,Obesity,2
10000,ADHD,2
10200,"Diabetes, Type 2",2
10230,Emergency Contraception,2
10313,High Blood Pressure,2
10750,Vaginal Yeast Infection,2
10004,Abnormal Uterine Bleeding,2
10100,Bowel Preparation,2
10786,ibromyalgia,2
10669,Smoking Cessation,2
10432,Migraine,2
10053,Anxiety and Stress,2
10414,Major Depressive Disorde,2
10158,Constipation,2
10524,Panic Disorde,2
10142,Chronic Pain,2
10433,Migraine Prevention,2
10744,Urinary Tract Infection,2
10446,Muscle Spasm,2
10509,Osteoarthritis,2
10264,Generalized Anxiety Disorde,2
10241,Erectile Dysfunction,2
10500,Opiate Dependence,2
10378,Irritable Bowel Syndrome,2
10627,Rheumatoid Arthritis,2
10022,Allergic Rhinitis,2
10079,Bacterial Infection,2
10165,Cough,2
10658,Sinusitis,2
10461,Nausea/Vomiting,2
10252,GERD,2
10443,Multiple Sclerosis,2
10517,Overactive Bladde,2
10328,Hyperhidrosis,2
10300,Hepatitis C,2
10077,Back Pain,2
10282,HIV Infection,2
10314,High Cholesterol,2
10605,Psoriasis,2
10639,Schizophrenia,2
10160,"Constipation, Chronic",2
10490,Obsessive Compulsive Disorde,2
10624,Restless Legs Syndrome,2
10087,Benign Prostatic Hyperplasia,2
10234,Endometriosis,2
10109,Bronchitis,2
10081,Bacterial Vaginitis,2
10630,Rosacea,2
10650,Seizures,2
10457,Narcolepsy,2
10348,"Hypogonadism, Male",2
10061,"Asthma, Maintenance",2
10288,Headache,2
10738,Underactive Thyroid,2
10638,Schizoaffective Disorde,2
10496,"Onychomycosis, Toenail",2
10093,Bladder Infection,2
10670,Social Anxiety Disorde,2
10019,Alcohol Dependence,2
10304,Herpes Simplex,2
10512,Osteoporosis,2
10150,Cold Sores,2
10240,Epilepsy,2
10166,Cough and Nasal Congestion,2
10429,Menstrual Disorders,2
10366,Influenza,2
10557,Plaque Psoriasis,2
10501,Opiate Withdrawal,2
10606,Psoriatic Arthritis,2
10565,Post Traumatic Stress Disorde,2
10568,Postmenopausal Symptoms,2
10561,Polycystic Ovary Syndrome,2
10365,Inflammatory Conditions,2
10579,Premenstrual Dysphoric Disorde,2
10459,Nasal Congestion,2
10560,Pneumonia,2
10133,Chlamydia Infection,2
10103,Breast Cance,2
10066,Atrial Fibrillation,2
10746,Urticaria,2
10291,Helicobacter Pylori Infection,2
10320,Hot Flashes,2
10472,Neuropathic Pain,2
10041,Anesthesia,2
10120,"COPD, Maintenance",2
10734,Ulcerative Colitis,2
10161,"Constipation, Drug Induced",2
10664,Skin or Soft Tissue Infection,2
10060,Asthma,2
10020,Alcohol Withdrawal,2
10046,Ankylosing Spondylitis,2
10438,Motion Sickness,2
10278,"Gout, Acute",2
10169,"Crohn's Disease, Maintenance",2
10790,mance Anxiety,2
10649,Seizure Prevention,2
10069,Atrophic Vaginitis,2
10024,Allergies,2
10373,Interstitial Cystitis,2
10547,Peripheral Neuropathy,2
10203,Diabetic Peripheral Neuropathy,2
10284,Hashimoto's disease,2
10741,Upper Respiratory Tract Infection,2
10167,Crohn's Disease,2
10742,Urinary Incontinence,2
10227,Eczema,2
10308,"Herpes Simplex, Suppression",2
10146,Cluster Headaches,2
10648,Sedation,2
10728,Trigeminal Neuralgia,2
10065,Atopic Dermatitis,2
10588,Prevention of Thromboembolism in Atrial Fibrillation,2
10118,COPD,2
10514,Otitis Media,2
10516,Ovarian Cysts,2
10355,"Hypothyroidism, After Thyroid Removal",2
10099,Borderline Personality Disorde,2
10215,Dry Eye Disease,2
10080,Bacterial Skin Infection,2
10214,Diverticulitis,2
10199,"Diabetes, Type 1",2
10542,Period Pain,2
10062,"Asthma, acute",2
10735,"Ulcerative Colitis, Active",2
10641,Sciatica,2
10595,Prostate Cance,2
10462,Nausea/Vomiting of Pregnancy,2
10527,Parkinson's Disease,2
10387,Kidney Infections,2
10151,Cold Symptoms,2
10207,Diarrhea,2
10684,Strep Throat,2
10719,Tonsillitis/Pharyngitis,2
10386,Keratosis,2
10277,Gout,2
10321,Human Papilloma Virus,2
10212,Dietary Supplementation,2
10105,"Breast Cancer, Metastatic",2
10756,Vertig,2
10745,Urinary Tract Stones,2
10055,Arrhythmia,2
10622,Renal Cell Carcinoma,2
10696,Systemic Lupus Erythematosus,2
10470,Neuralgia,2
10485,Non-Small Cell Lung Cance,2
10043,Angina,2
10228,Edema,2
10191,Dermatitis,2
10029,Amenorrhea,2
10596,Prostatitis,2
10188,Dental Abscess,2
10071,Autism,2
10025,Alopecia,2
10140,Chronic Myelogenous Leukemia,2
10086,Benign Essential Trem,2
10445,Muscle Pain,2
10136,Chronic Fatigue Syndrome,2
10295,Hemorrhoids,2
10290,Heart Failure,2
10657,Sinus Symptoms,2
10691,Supraventricular Tachycardia,2
10180,Deep Vein Thrombosis,2
10027,Alzheimer's Disease,2
10021,Allergic Reactions,2
10573,Postpartum Depression,2
10628,Rhinitis,2
10047,Anorexia,2
10428,Menorrhagia,2
10491,Obstructive Sleep Apnea/Hypopnea Syndrome,2
10800,moterol),2
10463,"Nausea/Vomiting, Chemotherapy Induced",2
10216,Dry Skin,2
10577,Premature Lab,2
10317,Hirsutism,2
10082,Barrett's Esophagus,2
10761,Vitamin/Mineral Supplementation during Pregnancy/Lactation,2
10341,Hypertriglyceridemia,2
10224,Dysuria,2
10607,Psychosis,2
10156,"Conjunctivitis, Allergic",2
10090,Binge Eating Disorde,2
10682,Stomach Ulce,2
10422,Melasma,2
10567,Postherpetic Neuralgia,2
10242,Erosive Esophagitis,2
10338,Hypersomnia,2
10726,Trichomoniasis,2
10653,"Sexual Dysfunction, SSRI Induced",2
10644,Seasonal Allergic Conjunctivitis,2
10609,Pulmonary Embolism,2
10722,Tourette's Syndrome,2
10582,Prevention of Bladder infection,2
10286,Head Lice,2
10781,emale Infertility,2
10612,Pulmonary Hypertension,2
10604,Pseudotumor Cerebri,2
10315,"High Cholesterol, Familial Heterozygous",2
10157,"Conjunctivitis, Bacterial",2
10402,Light Sedation,2
10137,Chronic Idiopathic Constipation,2
10654,Shift Work Sleep Disorde,2
10249,Eye Redness,2
10111,Bulimia,2
10270,"Glaucoma, Open Angle",2
10132,Cervical Dystonia,2
10619,Reflex Sympathetic Dystrophy Syndrome,2
10289,Heart Attack,2
10084,Basal Cell Carcinoma,2
10009,Acute Coronary Syndrome,2
10385,Keratoconjunctivitis Sicca,2
10337,Hyperprolactinemia,2
10779,atigue,2
10418,Mania,2
10663,Skin and Structure Infection,2
10507,"Organ Transplant, Rejection Prophylaxis",2
10541,Perimenopausal Symptoms,2
10659,Sjogren's Syndrome,2
10618,Raynaud's Syndrome,2
10748,Uterine Fibroids,2
10361,Indigestion,2
10036,Androgenetic Alopecia,2
10168,"Crohn's Disease, Acute",2
10209,"Diarrhea, Chronic",2
10114,"Burns, External",2
10736,"Ulcerative Colitis, Maintenance",2
10796,min),2
10416,Malaria Prevention,2
10599,Pruritus,2
10503,Opioid-Induced Constipation,2
10543,Periodic Limb Movement Disorde,2
10702,Tendonitis,2
10477,Neutropenia Associated with Chemotherapy,2
10448,Myasthenia Gravis,2
10195,Dermatological Disorders,2
10258,Gastroenteritis,2
10571,Postoperative Pain,2
10526,Paranoid Disorde,2
10017,Agitated State,2
10145,Clostridial Infection,2
10261,Gastroparesis,2
10152,Colorectal Cance,2
10591,Primary Immunodeficiency Syndrome,2
10407,Lyme Disease,2
10762,Vulvodynia,2
10159,"Constipation, Acute",2
10377,Iron Deficiency Anemia,2
10250,Eye Redness/Itching,2
10280,Gouty Arthritis,2
10718,Tinnitus,2
10497,Oophorectomy,2
10269,Glaucoma,2
10783,ge (amlodipine / valsartan),2
10102,Breakthrough Pain,2
10322,Human Papillomavirus Prophylaxis,2
10774,acial Wrinkles,2
10154,Condylomata Acuminata,2
10505,Oral Thrush,2
10755,Ventricular Tachycardia,2
10701,Temporomandibular Joint Disorde,2
10645,Seborrheic Dermatitis,2
10367,Influenza Prophylaxis,2
10119,"COPD, Acute",2
10799,moterol / mometasone),2
10008,Actinic Keratosis,2
10218,Duodenal Ulce,2
10435,Mitral Valve Prolapse,2
10221,Dysautonomia,2
10401,Light Anesthesia,2
10302,Herbal Supplementation,2
10174,Cyclic Vomiting Syndrome,2
10554,Photoaging of the Skin,2
10369,"Insomnia, Stimulant-Associated",2
10311,Hiccups,2
10139,Chronic Lymphocytic Leukemia,2
10383,Juvenile Rheumatoid Arthritis,2
10574,Postural Orthostatic Tachycardia Syndrome,2
10480,Night Terrors,2
10513,Otitis Externa,2
10795,min / sitagliptin),2
10714,Tinea Corporis,2
10483,Nocturnal Leg Cramps,2
10309,Herpes Zoste,2
10576,Precocious Puberty,2
10248,Extrapyramidal Reaction,2
10553,Pharyngitis,2
10364,Inflammatory Bowel Disease,2
10570,Postoperative Ocular Inflammation,2
10559,Pneumococcal Disease Prophylaxis,2
10390,Labor Pain,2
10760,Vitamin/Mineral Supplementation and Deficiency,2
10068,Atrophic Urethritis,2
10380,"Ischemic Stroke, Prophylaxis",2
10144,Chronic Spasticity,2
10023,Allergic Urticaria,2
10660,Skin Cance,2
10098,Bone infection,2
10717,Tinea Versicol,2
10370,Insulin Resistance Syndrome,2
10336,Hyperphosphatemia of Renal Failure,2
10716,Tinea Pedis,2
10693,Swine Flu,2
10067,Atrial Flutte,2
10346,Hypoestrogenism,2
10421,"Melanoma, Metastatic",2
10423,Meniere's Disease,2
10484,Non-Hodgkin's Lymphoma,2
10044,Angina Pectoris Prophylaxis,2
10395,Lennox-Gastaut Syndrome,2
10586,Prevention of Osteoporosis,2
10771,Xerostomia,2
10201,Diabetic Kidney Disease,2
10758,Vitamin D Deficiency,2
10254,Gas,2
10393,Left Ventricular Dysfunction,2
10430,Methicillin-Resistant Staphylococcus Aureus Infection,2
10104,"Breast Cancer, Adjuvant",2
10113,Burning Mouth Syndrome,2
10415,Malaria,2
10601,Pseudobulbar Affect,2
10037,Anemia,2
10594,Progesterone Insufficiency,2
10206,Diaper Rash,2
10481,Nightmares,2
10392,Lactose Intolerance,2
10464,"Nausea/Vomiting, Postoperative",2
10749,Uveitis,2
10495,"Onychomycosis, Fingernail",2
10451,Myelodysplastic Syndrome,2
10412,Macular Degeneration,2
10442,Multiple Myeloma,2
10303,Hereditary Angioedema,2
10088,Benzodiazepine Withdrawal,2
10515,Ovarian Cance,2
10382,Juvenile Idiopathic Arthritis,2
10739,Undifferentiated Connective Tissue Disease,2
10643,Seasonal Affective Disorde,2
10671,Soft Tissue Sarcoma,2
10143,Chronic Pancreatitis,2
10518,Ovulation Induction,2
10522,Pancreatic Cance,2
10409,"Lyme Disease, Neurologic",2
10204,Diagnosis and Investigation,2
10593,Primary Ovarian Failure,2
10267,Giardiasis,2
10198,Diabetes Insipidus,2
10715,Tinea Cruris,2
10685,Streptococcal Infection,2
10330,Hyperlipoproteinemia,2
10085,Behcet's Disease,2
10809,zen Shoulde,2
10727,Trichotillomania,2
10184,"Deep Vein Thrombosis, Prophylaxis",2
10316,"High Cholesterol, Familial Homozygous",2
10247,Expectoration,2
10521,Pain/Feve,2
10400,Lichen Sclerosus,2
10298,Hepatitis B,2
10108,Bronchiectasis,2
10478,New Daily Persistent Headache,2
10692,Surgical Prophylaxis,2
10222,Dyspareunia,2
10379,Ischemic Stroke,2
10339,Hypertensive Emergency,2
10153,Computed Tomography,2
10460,Nasal Polyps,2
10662,Skin Rash,2
10340,Hyperthyroidism,2
10371,Intermittent Claudication,2
10171,Cutaneous Candidiasis,2
10332,"Hyperlipoproteinemia Type IIa, Elevated LDL",2
10155,Conjunctivitis,2
10031,Anal Fissure and Fistula,2
10375,Intraocular Hypertension,2
10580,Premenstrual Syndrome,2
10801,mulation) (phenylephrine),2
10782,eve,2
10073,Autoimmune Hepatitis,2
10511,Osteolytic Bone Metastases of Solid Tumors,2
10177,Cystic Fibrosis,2
10647,Secondary Hyperparathyroidism,2
10550,Persistent Depressive Disorde,2
10057,Asperger Syndrome,2
10566,Post-Cholecystectomy Diarrhea,2
10013,Addison's Disease,2
10399,Lichen Planus,2
10635,Scabies,2
10223,Dystonia,2
10725,Traveler's Diarrhea,2
10208,"Diarrhea, Acute",2
10757,Vitamin B12 Deficiency,2
10583,Prevention of Cardiovascular Disease,2
10562,Polycythemia Vera,2
10499,Opiate Adjunct,2
10115,Bursitis,2
10306,"Herpes Simplex, Mucocutaneous/Immunocompetent Host",2
10730,"Tuberculosis, Latent",2
10708,Thyroid Cance,2
10360,Impetig,2
10794,min / saxagliptin),2
10015,Adult Human Growth Hormone Deficiency,2
10585,Prevention of Hypokalemia,2
10502,Opioid Overdose,2
10737,Ulcerative Proctitis,2
10141,Chronic Myofascial Pain,2
10676,Spondylolisthesis,2
10352,Hypoparathyroidism,2
10674,Sore Throat,2
10185,"Deep Vein Thrombosis, Recurrent Event",2
10699,TSH Suppression,2
10196,Dermatomyositis,2
10545,Perioral Dermatitis,2
10164,Costochondritis,2
10584,Prevention of Dental Caries,2
10096,Body Dysmorphic Disorde,2
10427,Menopausal Disorders,2
10611,"Pulmonary Embolism, Recurrent Event",2
10183,"Deep Vein Thrombosis, First Event",2
10535,Pelvic Inflammatory Disease,2
10391,Lactation Augmentation,2
10374,Intraabdominal Infection,2
10406,Local Anesthesia,2
10125,Candidemia,2
10523,Pancreatic Exocrine Dysfunction,2
10064,Atherosclerosis,2
10389,Labor Induction,2
10018,Agitation,2
10679,Status Epilepticus,2
10408,"Lyme Disease, Arthritis",2
10110,Bronchospasm Prophylaxis,2
10194,Dermatologic Lesion,2
10458,Nasal Carriage of Staphylococcus aureus,2
10014,Adrenocortical Insufficiency,2
10534,Pediatric Growth Hormone Deficiency,2
10078,Bacterial Endocarditis Prevention,2
10411,Lymphoma,2
10075,B12 Nutritional Deficiency,2
10101,Brain Tum,2
10178,Dandruff,2
10260,Gastrointestinal Stromal Tum,2
10296,Hepatic Encephalopathy,2
10787,lic Acid Deficiency,2
10713,Tinea Capitis,2
10005,Abortion,2
10359,Immunosuppression,2
10455,NSAID-Induced Gastric Ulce,2
10540,Performance Anxiety,2
10202,Diabetic Macular Edema,2
10094,Bleeding Disorde,2
10404,Lipodystrophy,2
10343,Hypoactive Sexual Desire Disorde,2
10555,Pinworm Infection (Enterobius vermicularis),2
10439,Mountain Sickness / Altitude Sickness,2
10413,Macular Edema,2
10358,Idiopathic Thrombocytopenic Purpura,2
10764,Wegener's Granulomatosis,2
10231,Endometrial Cance,2
10287,Head and Neck Cance,2
10498,Ophthalmic Surgery,2
10808,von Willebrand's Disease,2
10697,Systemic Mastocytosis,2
10272,Glioblastoma Multi,2
10197,Dermatophytosis,2
10705,Thrombocythemia,2
10376,Iritis,2
10578,Premature Ventricular Depolarizations,2
10310,"Herpes Zoster, Prophylaxis",2
10301,Hepatocellular Carcinoma,2
10124,Candida Urinary Tract Infection,2
10089,Biliary Cirrhosis,2
10211,Dietary Fiber Supplementation,2
10128,Cataplexy,2
10268,Gingivitis,2
10038,Anemia Associated with Chronic Renal Failure,2
10307,"Herpes Simplex, Mucocutaneous/Immunocompromised Host",2
10232,Endometrial Hyperplasia,2
10469,Nephrotic Syndrome,2
10680,Still's Disease,2
10456,NSAID-Induced Ulcer Prophylaxis,2
10440,Mucositis,2
10778,amilial Mediterranean Feve,2
10126,Carcinoid Tum,2
10217,Dumping Syndrome,2
10546,Peripheral Arterial Disease,2
10271,Glaucoma/Intraocular Hypertension,2
10434,Mild Cognitive Impairment,2
10176,Cyclothymic Disorde,2
10070,Auditory Processing Disorde,2
10276,"Gonococcal Infection, Uncomplicated",2
10116,CMV Prophylaxis,2
10001,AIDS Related Wasting,2
10610,"Pulmonary Embolism, First Event",2
10732,Turner's Syndrome,2
10581,Prevention of Atherothrombotic Events,2
10035,Anaplastic Oligodendroglioma,2
10589,Primary Hyperaldosteronism,2
10279,"Gout, Prophylaxis",2
10631,SIADH,2
10592,Primary Nocturnal Enuresis,2
10792,min / pioglitazone),2
10675,Spondyloarthritis,2
10233,"Endometrial Hyperplasia, Prophylaxis",2
10538,Peptic Ulce,2
10751,Varicella-Zoste,2
10797,mis,2
10396,Leukemia,2
10273,Glioblastoma Multiforme,2
10754,Ventricular Fibrillation,2
10575,Pre-Exposure Prophylaxis,2
10634,Sarcoidosis,2
10620,Reiter's Syndrome,2
10723,Transient Ischemic Attack,2
10544,Periodontitis,2
10326,Hypercalcemia of Malignancy,2
10123,Cance,2
10127,Cardiovascular Risk Reduction,2
10285,Head Injury,2
10533,Pe,2
10420,Melanoma,2
10613,Pupillary Dilation,2
10305,Herpes Simplex Dendritic Keratitis,2
10225,Ear Wax Impaction,2
10349,Hypokalemia,2
10488,Nonoccupational Exposure,2
10632,STD Prophylaxis,2
10597,"Prosthetic Heart Valves, Mechanical Valves - Thrombosis Prophylaxis",2
10344,Hypocalcemia,2
10530,Paroxysmal Supraventricular Tachycardia,2
10179,Deep Neck Infection,2
10107,"Breast Cancer, Prevention",2
10410,Lymphocytic Colitis,2
10608,Pudendal Neuralgia,2
10026,Alpha-1 Proteinase Inhibitor Deficiency,2
10487,Noninfectious Colitis,2
10780,cal Segmental Glomerulosclerosis,2
10347,Hypoglycemia,2
10468,Nephrocalcinosis,2
10256,Gastric Ulcer Maintenance Treatment,2
10362,Infection Prophylaxis,2
10010,Acute Lymphoblastic Leukemia,2
10626,Reversal of Opioid Sedation,2
10465,"Nausea/Vomiting, Radiation Induced",2
10449,"Mycobacterium avium-intracellulare, Treatment",2
10548,Peripheral T-cell Lymphoma,2
10784,ge HCT (amlodipine / hydrochlorothiazide / valsartan),2
10040,"Anemia, Sickle Cell",2
10356,ICU Agitation,2
10237,Eosinophilic Esophagitis,2
10117,CNS Magnetic Resonance Imaging,2
10042,Anesthetic Adjunct,2
10112,Bullous Pemphigoid,2
10236,Enterocolitis,2
10187,Dementia,2
10281,Granuloma Annulare,2
10056,Ascariasis,2
10506,Oral and Dental Conditions,2
10510,Osteolytic Bone Lesions of Multiple Myeloma,2
10257,Gastritis/Duodenitis,2
10563,Porphyria,2
10721,Topical Disinfection,2
10775,actor IX Deficiency,2
10245,Esophageal Variceal Hemorrhage Prophylaxis,2
10652,Severe Mood Dysregulation,2
10138,Chronic Inflammatory Demyelinating Polyradiculoneuropathy,2
10747,Uterine Bleeding,2
10312,Hidradenitis Suppurativa,2
10173,Cutaneous T-cell Lymphoma,2
10686,Stress Ulcer Prophylaxis,2
10678,Squamous Cell Carcinoma,2
10690,Sunburn,2
10039,"Anemia, Chemotherapy Induced",2
10666,Small Bowel Bacterial Overgrowth,2
10048,Anorexia/Feeding Problems,2
10424,Meningitis,2
10493,Ocular Rosacea,2
10549,Peritonitis,2
10220,Dupuytren's contracture,2
10034,Anaplastic Astrocytoma,2
10329,Hyperkalemia,2
10318,Histoplasmosis,2
10752,Varicose Veins,2
10494,Oligospermia,2
10263,Gender Dysphoria,2
10537,Pemphigus,2
10012,Acute Promyelocytic Leukemia,2
10621,Rejection Prophylaxis,2
10707,Thromboembolic Stroke Prophylaxis,2
10051,Antiphospholipid Syndrome,2
10028,Amebiasis,2
10130,Cerebral Spasticity,2
10629,Rhinorrhea,2
10776,ailure to Thrive,2
10243,Esophageal Candidiasis,2
10398,Lewy Body Dementia,2
10474,Neurosurgery,2
10210,Dientamoeba fragilis,2
10767,Wolff-Parkinson-White Syndrome,2
10731,"Tuberculosis, Prophylaxis",2
10054,Aphthous Ulce,2
10327,Hyperekplexia,2
10032,Anal Itching,2
10226,Ectopic Pregnancy,2
10777,amilial Cold Autoinflammatory Syndrome,2
10235,Endoscopy or Radiology Premedication,2
10072,Autoimmune Hemolytic Anemia,2
10059,Aspiration Pneumonia,2
10763,Warts,2
10293,Hemophilia A,2
10769,Women (oxybutynin),2
10603,Pseudomembranous Colitis,2
10668,Small Fiber Neuropathy,2
10466,Neck Pain,2
10172,Cutaneous Larva Migrans,2
10397,Leukocytoclastic Vasculitis,2
10706,Thrombocytopenia,2
10106,"Breast Cancer, Palliative",2
10134,Cholera,2
10219,Duodenal Ulcer Prophylaxis,2
10163,Coronary Artery Disease,2
10095,Blepharitis,2
10482,Nocardiosis,2
10486,Nonalcoholic Fatty Liver Disease,2
10640,Schnitzler Syndrome,2
10372,Intermittent Explosive Disorde,2
10135,Chronic Eosinophilic Leukemia,2
10049,Anthrax,2
10097,Body Imaging,2
10519,Paget's Disease,2
10354,Hypotension,2
10689,Submental Fullness,2
10259,Gastrointestinal Decontamination,2
10436,Mixed Connective Tissue Disease,2
10598,"Prosthetic Heart Valves, Tissue Valves - Thrombosis Prophylaxis",2
10802,t Care,2
10556,Pityriasis rubra pilaris,2
10076,Babesiosis,2
10405,Liver Magnetic Resonance Imaging,2
10275,"Gonococcal Infection, Disseminated",2
10551,Pertussis,2
10122,Campylobacter Gastroenteritis,2
10803,t Pac with Cyclobenzaprine (cyclobenzaprine),2
10703,Testicular Cance,2
10335,Hyperphosphatemia,2
10033,Anaphylaxis,2
10334,Hyperparathyroidism Secondary to Renal Impairment,2
10246,Euvolemic Hyponatremia,2
10711,Tic Disorde,2
10016,Aggressive Behavi,2
10297,Hepatic Tum,2
10417,Malignant Glioma,2
10637,Schistosoma japonicum,2
10733,Typhoid Feve,2
10182,Deep Vein Thrombosis Prophylaxis after Knee Replacement Surgery,2
10074,Avian Influenza,2
10003,Abdominal Distension,2
10539,Percutaneous Coronary Intervention,2
10743,Urinary Retention,2
10633,Salivary Gland Cance,2
10532,Pathological Hypersecretory Conditions,2
10700,Tardive Dyskinesia,2
10251,Eyelash Hypotrichosis,2
10793,min / rosiglitazone),2
10357,Ichthyosis,2
10262,Gaucher Disease,2
10704,Tetanus,2
10623,Renal Transplant,2
10479,Niacin Deficiency,2
10351,Hypomagnesemia,2
10558,Platelet Aggregation Inhibition,2
10665,Sleep Paralysis,2
10186,"Delayed Puberty, Male",2
10720,Toothache,2
10454,Myxedema Coma,2
10804,tic (mycophenolic acid),2
10698,Systemic Sclerosis,2
10045,Angioedema,2
10672,Solid Tumors,2
10759,Vitamin K Deficiency,2
10170,Croup,2
10437,Mononucleosis,2
10473,Neurosis,2
10661,"Skin Disinfection, Preoperative",2
10181,Deep Vein Thrombosis Prophylaxis after Hip Replacement Surgery,2
10333,"Hyperlipoproteinemia Type IV, Elevated VLDL",2
10552,Peyronie's Disease,2
10447,Muscle Twitching,2
10283,Hairy Cell Leukemia,2
10525,"Paragonimus westermani, Lung Fluke",2
10798,mist (,2
10149,Cogan's Syndrome,2
10431,Microscopic polyangiitis,2
10681,Stomach Cance,2
10294,Hemophilia B,2
10147,Cluster-Tic Syndrome,2
10265,Gestational Diabetes,2
10292,Hemangioma,2
10426,Meningococcal Meningitis Prophylaxis,2
10709,Thyroid Suppression Test,2
10625,Reversal of Nondepolarizing Muscle Relaxants,2
10677,Sporotrichosis,2
10616,Radionuclide Myocardial Perfusion Study,2
10475,Neurotic Depression,2
10384,Keratitis,2
10325,Hypercalcemia,2
10148,Coccidioidomycosis,2
10175,Cyclitis,2
10740,Upper Limb Spasticity,2
10205,Diagnostic Bronchograms,2
10467,Neoplastic Diseases,2
10450,Mycoplasma Pneumonia,2
10403,Linear IgA Disease,2
10688,Subarachnoid Hemorrhage,2
10453,Myeloproliferative Disorders,2
10807,ungal Pneumonia,2
10642,Scleroderma,2
10772,Zollinger-Ellison Syndrome,2
10712,Tinea Barbae,2
10011,Acute Nonlymphocytic Leukemia,2
10655,Short Stature,2
10806,ungal Infection Prophylaxis,2
10785,ibrocystic Breast Disease,2
10058,"Aspergillosis, Aspergilloma",2
10319,Hodgkin's Lymphoma,2
10791,me,2
10667,Small Bowel or Pancreatic Fistula,2
10587,Prevention of Perinatal Group B Streptococcal Disease,2
10129,Cerebral Edema,2
10656,Short Stature for Age,2
10536,Pemphigoid,2
10255,Gastric Cance,2
10617,Ramsay Hunt Syndrome,2
10492,Occipital Neuralgia,2
10531,Patent Ductus Arteriosus,2
10381,Joint Infection,2
10683,Strabismus,2
10508,"Organ Transplant, Rejection Reversal",2
10419,Manscaping Pain,2
10615,Rabies Prophylaxis,2
10006,Acetaminophen Overdose,2
10229,Ehrlichiosis,2
10766,Wilson's Disease,2
10192,Dermatitis Herpeti,2
10002,AV Heart Block,2
10646,Secondary Cutaneous Bacterial Infections,2
10694,Syringomyelia,2
10342,Hyperuricemia Secondary to Chemotherapy,2
10695,Systemic Candidiasis,2
10239,"Epididymitis, Sexually Transmitted",2
10710,Thyrotoxicosis,2
10529,Parkinsonism,2
10724,Transverse Myelitis,2
10388,Klinefelter Syndrome,2
10687,Strongyloidiasis,2
10121,Cachexia,2
10350,Hypokalemic Periodic Paralysis,2
10083,Bartonellosis,2
10564,Portal Hypertension,2
10789,m Pain Disorde,2
10063,Asystole,2
10753,Ventricular Arrhythmia,2
10602,"Pseudogout, Prophylaxis",2
10471,Neuritis,2
10768,Women (minoxidil),2
10190,Dercum's Disease,2
10614,Q Feve,2
10636,Schilling Test,2
10572,Postpartum Breast Pain,2
10590,Primary Hyperaldosteronism Diagnosis,2
10788,llicular Lymphoma,2
10651,Sepsis,2
10353,Hypopituitarism,2
10805,unctional Gastric Disorde,2
10345,Hypodermoclysis,2
10274,Gonadotropin Inhibition,2
10050,Anti NMDA Receptor Encephalitis,2
10131,Cerebrovascular Insufficiency,2
10729,"Tuberculosis, Active",2
10299,Hepatitis B Prevention,2
10773,acial Lipoatrophy,2
10162,Corneal Ulce,2
10324,Hyperbilirubinemia,2
10444,Mumps Prophylaxis,2
10193,Dermatitis Herpetiformis,2
10331,"Hyperlipoproteinemia Type III, Elevated beta-VLDL   IDL",2
10323,Hydrocephalus,2
10394,Legionella Pneumonia,2
10504,Oppositional Defiant Disorde,2
10253,Gallbladder Disease,2
10770,Wound Cleansing,2
10244,Esophageal Spasm,2
10673,Somatoform Pain Disorde,2
10452,Myelofibrosis,2
10528,Parkinsonian Trem,2
10425,"Meningitis, Meningococcal",2
10030,Amyotrophic Lateral Sclerosis,2
10266,Giant Cell Tumor of Bone,2
10213,Dissociative Identity Disorde,2
10600,Pruritus of Partial Biliary Obstruction,2
10569,Postoperative Increased Intraocular Pressure,2
10441,Multiple Endocrine Adenomas,2
10238,"Epicondylitis, Tennis Elbow",2
10363,Infectious Diarrhea,2
10476,Neutropenia,2
